Ticker,銘柄名,パーフェクトオーダー,75SMA越
9537,北陸瓦斯,True,0
8844,コスモスイニシア,True,8
5906,エムケー精工,True,8
5599,Ｓ＆Ｊ,True,8
5819,カナレ電気,True,8
5271,トーヨーアサノ,True,8
4935,リベルタ,True,8
9861,吉野家ホールディングス,True,8
7434,オータケ,True,8
1946,トーエネック,True,8
6533,Ｏｒｃｈｅｓｔｒａ　Ｈｏｌｄｉｎｇｓ,True,8
7379,サーキュレーション,True,8
2345,クシム,True,8
3652,ディジタルメディアプロフェッショナル,True,8
6734,ニューテック,True,8
7235,東京ラヂエーター製造,True,8
1972,三晃金属工業,True,8
4568,第一三共,True,8
7261,マツダ,True,8
1826,佐田建設,True,8
3562,Ｎｏ．１,True,8
1926,ライト工業,True,8
1967,ヤマト,True,8
2186,ソーバル,True,8
7726,黒田精工,True,8
5028,セカンドサイトアナリティカ,True,8
4179,ジーネクスト,True,8
1717,明豊ファシリティワークス,True,8
3988,ＳＹＳホールディングス,True,8
9768,いであ,True,8
7980,重松製作所,True,8
3967,エルテス,True,8
9444,トーシンホールディングス,True,8
6554,エスユーエス,True,8
2735,ワッツ,True,8
6532,ベイカレント,True,8
6633,ＣＧＳホールディングス,True,8
7425,初穂商事,True,8
5981,東京製綱,True,8
3177,ありがとうサービス,True,8
3726,フォーシーズＨＤ,True,8
6310,井関農機,True,8
5644,メタルアート,True,8
8802,三菱地所,True,8
2789,カルラ,True,8
3656,ＫＬａｂ,True,8
5527,ｐｒｏｐｅｒｔｙ　ｔｅｃｈｎｏｌｏｇｉｅｓ,True,8
6994,指月電機製作所,True,8
6858,小野測器,True,8
1905,テノックス,True,8
9073,京極運輸商事,True,8
2997,ストレージ王,True,8
9565,ＧＬＯＥ,True,8
4479,マクアケ,True,8
8367,南都銀行,True,8
8388,阿波銀行,True,8
9446,サカイホールディングス,True,8
4334,ユークス,True,7
8025,ツカモトコーポレーション,True,8
7077,ＡＬｉＮＫインターネット,True,8
9536,西部ガスホールディングス,True,8
9331,キャスター,True,9
3672,オルトプラス,True,9
5038,ｅＷｅＬＬ,True,9
9072,ニッコンホールディングス,True,9
4651,サニックスホールディングス,True,9
7803,ブシロード,True,9
219A,Ｈｅａｒｔｓｅｅｄ,True,9
2983,アールプランナー,True,9
8795,Ｔ＆Ｄホールディングス,True,9
4784,ＧＭＯインターネット,True,9
5884,クラダシ,True,9
3930,はてな,True,9
7971,東リ,True,9
9697,カプコン,True,9
4071,プラスアルファ・コンサルティング,True,9
7082,ジモティー,True,9
7011,三菱重工業,True,9
1814,大末建設,True,9
7486,サンリン,True,9
7084,Ｓｍｉｌｅ　Ｈｏｌｄｉｎｇｓ,True,9
6092,エンバイオ・ホールディングス,True,9
4629,大伸化学,True,9
3189,ＡＮＡＰホールディングス,True,9
3320,クロスプラス,True,9
4247,ポバール興業,True,8
2991,ランドネット,True,8
1867,植木組,True,8
4436,ミンカブ・ジ・インフォノイド,True,8
9417,スマートバリュー,True,8
3035,ケイティケイ,True,8
6195,ホープ,True,8
9759,ＮＳＤ,True,8
7265,エイケン工業,True,8
1724,シンクレイヤ,True,8
6659,メディアリンクス,True,8
1966,高田工業所,True,8
6336,石井表記,True,8
7635,杉田エース,True,8
7531,清和中央ホールディングス,True,8
4707,キタック,True,8
3276,ＪＰＭＣ,True,8
9127,玉井商船,True,8
7131,のむら産業,True,8
6325,タカキタ,True,8
5199,不二ラテックス,True,8
3837,アドソル日進,True,8
9691,両毛システムズ,True,8
228A,オプロ,True,8
7865,ピープル,True,8
3823,ＴＨＥ　ＷＨＹ　ＨＯＷ　ＤＯ　ＣＯＭＰＡＮＹ,True,8
8336,武蔵野銀行,True,8
7050,フロンティアインターナショナル,True,8
7292,村上開明堂,True,8
3908,コラボス,True,8
5031,モイ,True,8
7416,はるやまホールディングス,True,9
3665,エニグモ,True,7
6134,ＦＵＪＩ,True,7
5125,ファインズ,True,6
6542,ＦＣホールディングス,True,6
4021,日産化学,True,6
9236,ジャパンＭ＆Ａソリューション,True,6
2181,パーソルホールディングス,True,6
6018,阪神内燃機工業,True,6
9257,ＹＣＰホールディングス（グローバル）リミテッド　ＪＤＲ,True,6
4361,川口化学工業,True,6
7605,フジ・コーポレーション,True,6
6912,菊水ホールディングス,True,6
9746,ＴＫＣ,True,6
8508,Ｊトラスト,True,6
7896,セブン工業,True,6
3877,中越パルプ工業,True,6
9069,センコーグループホールディングス,True,6
9823,マミーマート,True,6
9872,北恵,True,6
8600,トモニホールディングス,True,6
9769,学究社,True,6
6648,かわでん,True,6
4028,石原産業,True,6
9424,日本通信,True,6
5902,ホッカンホールディングス,True,6
8005,スクロール,True,6
6208,石川製作所,True,6
8395,佐賀銀行,True,6
5541,大平洋金属,True,6
9384,内外トランスライン,True,6
8848,レオパレス２１,True,6
7083,ＡＨＣグループ,True,6
3861,王子ホールディングス,True,6
9412,スカパーＪＳＡＴホールディングス,True,6
9827,リリカラ,True,6
6590,芝浦メカトロニクス,True,6
4507,塩野義製薬,True,6
3815,メディア工房,True,6
2929,ファーマフーズ,True,6
7380,十六フィナンシャルグループ,True,6
5983,イワブチ,True,6
6402,兼松エンジニアリング,True,6
4061,デンカ,True,6
1960,サンテック,True,6
3341,日本調剤,True,6
3998,すららネット,True,6
1975,朝日工業社,True,6
5388,クニミネ工業,True,6
7092,Ｆａｓｔ　Ｆｉｔｎｅｓｓ　Ｊａｐａｎ,True,6
8706,極東証券,True,6
8338,筑波銀行,True,6
3267,フィル・カンパニー,True,6
2461,ファンコミュニケーションズ,True,6
4998,フマキラー,True,6
5237,ノザワ,True,6
7110,クラシコム,True,6
4694,ビー・エム・エル,True,6
8368,百五銀行,True,6
6758,ソニーグループ,True,7
1968,太平電業,True,6
2916,仙波糖化工業,True,6
6920,レーザーテック,True,7
6235,オプトラン,True,7
2667,イメージ　ワン,True,7
2588,プレミアムウォーターホールディングス,True,7
5900,ダイケン,True,7
3159,丸善ＣＨＩホールディングス,True,7
4042,東ソー,True,7
198A,ＰｏｓｔＰｒｉｍｅ,True,7
9955,ヨンキュウ,True,7
130A,Ｖｅｒｉｔａｓ　Ｉｎ　Ｓｉｌｉｃｏ,True,7
1798,守谷商会,True,7
7371,Ｚｅｎｋｅｎ,True,7
8410,セブン銀行,True,7
3816,大和コンピューター,True,7
3903,ｇｕｍｉ,True,7
7370,Ｅｎｊｉｎ,True,7
6249,ゲームカード・ジョイコホールディングス,True,7
2291,福留ハム,True,7
4728,トーセ,True,7
7462,ＣＡＰＩＴＡ,True,7
1909,日本ドライケミカル,True,7
2424,ブラス,True,7
6201,豊田自動織機,True,7
7877,永大化工,True,7
5967,ＴＯＮＥ,True,7
9346,ココルポート,True,7
6516,山洋電気,True,7
218A,Ｌｉｂｅｒａｗａｒｅ,True,7
5715,古河機械金属,True,7
4366,ダイトーケミックス,True,6
4055,ティアンドエスグループ,True,6
9635,武蔵野興業,True,6
2743,ピクセルカンパニーズ,True,6
3807,フィスコ,True,6
3768,リスクモンスター,True,6
5713,住友金属鉱山,True,6
2462,ライク,True,6
7709,クボテック,True,6
3817,ＳＲＡホールディングス,True,6
6848,東亜ディーケーケー,True,6
6890,フェローテックホールディングス,True,6
9250,ＧＲＣＳ,True,6
8750,第一生命ホールディングス,True,6
7878,光・彩,True,6
3661,エムアップホールディングス,True,7
7776,セルシード,True,7
7064,ハウテレビジョン,True,7
2654,アスモ,True,7
3954,昭和パックス,True,7
5011,ニチレキグループ,True,7
7515,マルヨシセンター,True,7
4058,トヨクモ,True,7
2330,フォーサイド,True,7
2152,幼児活動研究会,True,7
6927,ヘリオス　テクノ　ホールディング,True,7
4151,協和キリン,True,6
6151,日東工器,True,6
3377,バイク王＆カンパニー,True,9
3192,白鳩,True,9
5699,イボキン,True,10
9353,櫻島埠頭,True,10
9685,ＫＹＣＯＭホールディングス,True,10
1948,弘電社,True,10
338A,ＺｅｎｍｕＴｅｃｈ,True,10
1803,清水建設,True,10
6199,セラク,True,10
7115,アルファパーチェス,True,10
7036,イーエムネットジャパン,True,11
5136,ｔｒｉｐｌａ,True,11
1871,ピーエス・コンストラクション,True,11
5843,ニッポンインシュア,True,11
4598,Ｄｅｌｔａ－Ｆｌｙ　Ｐｈａｒｍａ,True,11
7049,識学,True,11
3556,リネットジャパングループ,True,11
9708,帝国ホテル,True,11
6239,ナガオカ,True,11
6090,ヒューマン・メタボローム・テクノロジーズ,True,11
9223,ＡＳＮＯＶＡ,True,11
8252,丸井グループ,True,11
9904,ベリテ,True,11
9419,ワイヤレスゲート,True,11
3280,エストラスト,True,11
9445,フォーバルテレコム,True,11
4576,デ・ウエスタン・セラピテクス研究所,True,11
5618,ナイル,True,10
4968,荒川化学工業,True,10
2121,ＭＩＸＩ,True,10
2815,アリアケジャパン,True,10
5974,中国工業,True,10
3557,ユナイテッド＆コレクティブ,True,10
9168,ライズ・コンサルティング・グループ,True,10
1808,長谷工コーポレーション,True,10
4316,ビーマップ,True,10
3187,ミラタップ,True,10
3106,倉敷紡績,True,10
2750,石光商事,True,10
3936,グローバルウェイ,True,10
7256,河西工業,True,10
2294,柿安本店,True,10
1844,大盛工業,True,10
5592,くすりの窓口,True,11
8227,しまむら,True,10
4582,シンバイオ製薬,True,10
7677,ヤシマキザイ,True,10
1801,大成建設,True,10
9326,関通,True,10
4493,サイバーセキュリティクラウド,True,10
246A,アスア,True,10
8944,ランドビジネス,True,10
2193,クックパッド,True,10
6658,シライ電子工業,True,10
2373,ケア２１,True,10
6048,デザインワン・ジャパン,True,10
5134,ＰＯＰＥＲ,True,10
3927,フーバーブレイン,True,10
4572,カルナバイオサイエンス,True,10
4119,日本ピグメントホールディングス,True,11
1799,第一建設工業,True,11
4370,モビルス,True,11
4833,Ｄｅｆ　ｃｏｎｓｕｌｔｉｎｇ,True,11
6946,日本アビオニクス,True,11
6863,ニレコ,True,11
5029,サークレイス,True,11
160A,アズパートナーズ,True,11
5602,栗本鐵工所,True,11
261A,日水コン,True,11
4536,参天製薬,True,11
3004,神栄,True,11
4450,パワーソリューションズ,True,11
2270,雪印メグミルク,True,11
7760,ＩＭＶ,True,11
256A,飛島ホールディングス,True,11
4168,ヤプリ,True,12
6060,こころネット,True,12
3496,アズーム,True,12
4811,ドリーム・アーツ,True,12
7074,トゥエンティーフォーセブン,True,12
3858,ユビキタスＡＩ,True,12
7180,九州フィナンシャルグループ,True,12
4422,ＶＡＬＵＥＮＥＸ,True,12
7847,グラファイトデザイン,True,12
9439,エム・エイチ・グループ,True,12
8358,スルガ銀行,True,12
4771,エフアンドエム,True,11
7749,メディキット,True,11
3750,サイトリ細胞研究所,True,11
2334,イオレ,True,11
6356,日本ギア工業,True,11
6930,日本アンテナ,True,11
6540,船場,True,11
4265,Ｉｎｓｔｉｔｕｔｉｏｎ　ｆｏｒ　ａ　Ｇｌｏｂａｌ　Ｓｏｃｉｅｔｙ,True,11
5139,オープンワーク,True,11
7378,アシロ,True,11
7317,松屋アールアンドディ,True,11
6537,ＷＡＳＨハウス,True,11
5578,ＡＲアドバンストテクノロジ,True,11
2391,プラネット,True,11
7906,ヨネックス,True,11
290A,Ｓｙｎｓｐｅｃｔｉｖｅ,True,11
2325,ＮＪＳ,True,11
7357,ジオコード,True,11
3440,日創プロニティ,True,11
6400,不二精機,True,11
8219,青山商事,True,11
7359,東京通信グループ,True,11
2341,アルバイトタイムス,True,11
2148,アイティメディア,True,11
4705,クリップコーポレーション,True,11
9914,植松商会,True,11
6894,パルステック工業,True,11
2531,宝ホールディングス,True,11
323A,フライヤー,True,11
2585,ライフドリンク　カンパニー,True,11
5952,アマテイ,True,11
6837,京写,True,9
4438,Ｗｅｌｂｙ,True,10
3607,クラウディアホールディングス,True,10
8584,ジャックス,True,9
5535,ミガロホールディングス,True,9
4978,リプロセル,True,9
3224,ゼネラル・オイスター,True,9
6436,アマノ,True,9
5542,新報国マテリアル,True,9
3134,Ｈａｍｅｅ,True,9
5970,ジーテクト,True,9
3323,レカム,True,9
7638,ＮＥＷ　ＡＲＴ　ＨＯＬＤＩＮＧＳ,True,9
3845,アイフリークモバイル,True,9
1847,イチケン,True,9
3916,デジタル・インフォメーション・テクノロジー,True,9
7887,南海プライウッド,True,9
4888,ステラファーマ,True,9
3069,ＪＦＬＡホールディングス,True,9
4224,ロンシール工業,True,9
146A,コロンビア・ワークス,True,9
5025,マーキュリー,True,9
6634,ネクスグループ,True,9
6676,ＢＵＦＦＡＬＯ,True,9
4553,東和薬品,True,9
9978,文教堂グループホールディングス,True,9
3040,ソリトンシステムズ,True,9
1959,九電工,True,9
2692,伊藤忠食品,True,9
286A,ユカリア,True,9
2918,わらべや日洋ホールディングス,True,9
3497,ＬｅＴｅｃｈ,True,9
7674,ＮＡＴＴＹ　ＳＷＡＮＫＹホールディングス,True,9
6045,レントラックス,True,9
9024,西武ホールディングス,True,9
7363,ベビーカレンダー,True,9
4097,高圧ガス工業,True,9
9564,ＦＣＥ,True,9
3388,明治電機工業,True,9
1840,土屋ホールディングス,True,9
7201,日産自動車,True,9
9621,建設技術研究所,True,9
7646,ＰＬＡＮＴ,True,9
9220,エフビー介護サービス,True,9
8891,ＡＭＧホールディングス,True,9
9238,バリュークリエーション,True,9
2321,ソフトフロントホールディングス,True,9
1776,三井住建道路,True,9
7836,アビックス,True,9
7035,ａｎｄ　ｆａｃｔｏｒｙ,True,9
1980,ダイダン,True,9
4627,ナトコ,True,9
2156,セーラー広告,True,9
4481,ベース,True,9
3640,電算,True,9
6643,戸上電機製作所,True,9
3847,パシフィックシステム,True,9
8117,中央自動車工業,True,9
1381,アクシーズ,True,9
9709,ＮＣＳ＆Ａ,True,10
6864,エヌエフホールディングス,True,9
7699,オムニ・プラス・システム・リミテッド　ＪＤＲ,True,9
3266,ファンドクリエーショングループ,True,10
2120,ＬＩＦＵＬＬ,True,10
6570,共和コーポレーション,True,10
3135,マーケットエンタープライズ,True,10
6237,イワキポンプ,True,10
8920,東祥,True,10
3038,神戸物産,True,10
4498,サイバートラスト,True,10
1780,ヤマウラ,True,10
8946,ＡＳＩＡＮ　ＳＴＡＲ,True,10
4766,ピーエイ,True,10
6334,明治機械,True,10
4626,太陽ホールディングス,True,10
6027,弁護士ドットコム,True,10
4196,ネオマーケティング,True,10
5727,東邦チタニウム,True,10
3042,セキュアヴェイル,True,10
2763,エフティグループ,True,10
4570,免疫生物研究所,True,10
3399,丸千代山岡家,True,10
9539,京葉瓦斯,True,10
4174,アピリッツ,True,10
2668,タビオ,True,10
6571,キュービーネットホールディングス,True,10
8871,ゴールドクレスト,True,10
3347,トラスト,True,10
5122,オカモト,True,10
7343,ブロードマインド,True,10
6247,日阪製作所,True,10
6445,ジャノメ,True,9
6555,ＭＳ＆Ｃｏｎｓｕｌｔｉｎｇ,True,9
6518,三相電機,True,9
9345,ビズメイツ,True,9
9558,ジャパニアス,True,9
3370,フジタコーポレーション,True,9
1822,大豊建設,True,9
5363,東京窯業,True,9
9049,京福電気鉄道,True,9
8135,ゼット,True,9
7191,イントラスト,True,9
4337,ぴあ,True,9
4751,サイバーエージェント,True,9
3501,ＳＵＭＩＮＯＥ,True,9
9438,エムティーアイ,True,9
2936,ベースフード,True,9
3319,ゴルフダイジェスト・オンライン,True,9
5017,富士石油,True,9
9028,ゼロ,True,9
336A,ダイナミックマッププラットフォーム,True,9
3359,ｃｏｔｔａ,True,9
3063,ジェイグループホールディングス,True,9
2127,日本Ｍ＆Ａセンターホールディングス,True,10
3649,ファインデックス,True,10
7814,日本創発グループ,True,10
7356,Ｒｅｔｔｙ,True,10
280A,ＴＭＨ,True,9
1419,タマホーム,True,5
5990,スーパーツール,True,5
167A,リョーサン菱洋ホールディングス,True,5
6524,湖北工業,True,3
4558,中京医薬品,True,3
5079,ノバック,True,3
8041,ＯＵＧホールディングス,True,3
6023,ダイハツディーゼル,True,3
2410,キャリアデザインセンター,True,3
4591,リボミック,True,3
7510,たけびし,True,3
2469,ヒビノ,True,3
4345,シーティーエス,True,3
7611,ハイデイ日高,True,3
5015,ビーピー・カストロール,True,3
302A,ビースタイルホールディングス,True,3
7512,イオン北海道,True,3
9692,シーイーシー,True,3
9273,コーア商事ホールディングス,True,3
7269,スズキ,True,3
4284,ソルクシーズ,True,3
3542,ベガコーポレーション,True,3
4428,シノプス,True,3
9253,スローガン,True,3
3904,カヤック,True,3
3387,クリエイト・レストランツ・ホールディングス,True,3
5702,大紀アルミニウム工業所,True,3
7683,ダブルエー,True,3
241A,ＲＯＸＸ,True,3
6137,小池酸素工業,True,3
8698,マネックスグループ,True,3
6062,チャーム・ケア・コーポレーション,True,3
6176,ブランジスタ,True,3
8282,ケーズホールディングス,True,3
3675,クロス・マーケティンググループ,True,3
3655,ブレインパッド,True,3
220A,Ｆａｂｅｒ　Ｃｏｍｐａｎｙ,True,3
5204,石塚硝子,True,3
3679,じげん,True,3
7794,イーディーピー,True,3
8931,和田興産,True,3
2311,エプコ,True,3
3486,グローバル・リンク・マネジメント,True,3
3495,香陵住販,True,3
2734,サーラコーポレーション,True,3
4301,アミューズ,True,3
3662,エイチームホールディングス,True,3
6908,イリソ電子工業,True,3
9979,大庄,True,3
5589,オートサーバー,True,3
4971,メック,True,3
6147,ヤマザキ,True,3
2970,グッドライフカンパニー,True,3
5721,エス・サイエンス,True,3
5302,日本カーボン,True,3
3917,アイリッジ,True,3
6822,大井電気,True,3
8416,高知銀行,True,3
4593,ヘリオス,True,3
4763,クリーク・アンド・リバー社,True,3
9021,西日本旅客鉄道,True,3
6098,リクルートホールディングス,True,3
1723,日本電技,True,4
8905,イオンモール,True,4
7811,中本パックス,True,4
6307,サンセイ,True,4
3175,エー・ピーホールディングス,True,4
2753,あみやき亭,True,4
6209,リケンＮＰＲ,True,4
6501,日立製作所,True,4
7537,丸文,True,4
9722,藤田観光,True,4
6702,富士通,True,4
2932,ＳＴＩフードホールディングス,True,4
4016,ＭＩＴホールディングス,True,4
7472,鳥羽洋行,True,4
7164,全国保証,True,4
4243,ニックス,True,4
7222,日産車体,True,4
6668,アドテック　プラズマ　テクノロジー,True,4
8052,椿本興業,True,4
4718,早稲田アカデミー,True,4
1758,太洋基礎工業,True,4
7520,エコス,True,4
7649,スギホールディングス,True,4
9856,ケーユーホールディングス,True,4
2804,ブルドックソース,True,4
4064,日本カーバイド工業,True,4
6103,オークマ,True,4
7018,内海造船,True,4
7860,エイベックス,True,4
3799,キーウェアソリューションズ,True,3
3271,ＴＨＥグローバル社,True,3
4927,ポーラ・オルビスホールディングス,True,3
9610,ウィルソン・ラーニング　ワールドワイド,True,3
5351,品川リフラクトリーズ,True,3
9687,ＫＳＫ,True,3
3195,ジェネレーションパス,True,3
3778,さくらインターネット,True,3
5711,三菱マテリアル,True,3
9514,エフオン,True,3
8098,稲畑産業,True,3
269A,Ｓａｐｅｅｔ,True,3
8613,丸三証券,True,3
4368,扶桑化学工業,True,3
9262,シルバーライフ,True,3
5576,オービーシステム,True,3
9818,大丸エナウィン,True,4
7826,フルヤ金属,True,4
3148,クリエイトＳＤホールディングス,True,4
8362,福井銀行,True,4
1382,ホーブ,True,4
8074,ユアサ商事,True,4
5631,日本製鋼所,True,4
4374,ＲＯＢＯＴ　ＰＡＹＭＥＮＴ,True,4
3153,八洲電機,True,4
8015,豊田通商,True,4
9368,キムラユニティー,True,3
5659,日本精線,True,4
3422,Ｊ－ＭＡＸ,True,3
2326,デジタルアーツ,True,3
8746,ＵＮＢＡＮＫＥＤ,True,3
3182,オイシックス・ラ・大地,True,3
7246,プレス工業,True,3
6264,マルマエ,True,3
202A,豆蔵デジタルホールディングス,True,3
6993,大黒屋ホールディングス,True,3
7673,ダイコー通産,True,3
7601,ポプラ,True,3
3110,日東紡績,True,3
9434,ソフトバンク,True,3
4845,スカラ,True,3
4205,日本ゼオン,True,3
4686,ジャストシステム,True,3
6031,ＺＥＴＡ,True,3
3776,ブロードバンドタワー,True,3
9381,エーアイテイー,True,3
6361,荏原製作所,True,3
8008,ヨンドシーホールディングス,True,3
2695,くら寿司,True,3
1963,日揮ホールディングス,True,3
8609,岡三証券グループ,True,3
7383,ネットプロテクションズホールディングス,True,3
6085,アーキテクツ・スタジオ・ジャパン,True,3
2449,プラップジャパン,True,3
3929,ソーシャルワイヤー,True,3
4547,キッセイ薬品工業,True,3
3624,アクセルマーク,True,3
7351,グッドパッチ,True,3
5352,黒崎播磨,True,3
2586,フルッタフルッタ,True,3
3091,ブロンコビリー,True,3
6047,Ｇｕｎｏｓｙ,True,3
3843,フリービット,True,3
7162,アストマックス,True,3
8060,キヤノンマーケティングジャパン,True,3
4928,ノエビアホールディングス,True,3
3107,ダイワボウホールディングス,True,3
2938,オカムラ食品工業,True,3
6696,トラース・オン・プロダクト,True,3
6037,楽待,True,3
5411,ＪＦＥホールディングス,True,3
2907,あじかん,True,3
6737,ＥＩＺＯ,True,3
4433,ヒト・コミュニケーションズ・ホールディングス,True,3
4212,積水樹脂,True,3
6677,エスケーエレクトロニクス,True,3
334A,ビジュアル・プロセッシング・ジャパン,True,3
8715,アニコム　ホールディングス,True,3
9716,乃村工藝社,True,3
3498,霞ヶ関キャピタル,True,3
4685,菱友システムズ,True,3
7800,アミファ,True,3
4745,東京個別指導学院,True,3
2778,パレモ・ホールディングス,True,3
6323,ローツェ,True,3
3252,地主,True,3
6810,マクセル,True,3
7305,新家工業,True,3
245A,ＩＮＧＳ,True,3
2428,ウェルネット,True,3
6383,ダイフク,True,3
4204,積水化学工業,True,3
9636,きんえい,True,3
9969,ショクブン,True,3
155A,情報戦略テクノロジー,True,3
9766,コナミグループ,True,3
5240,ｍｏｎｏＡＩ　ｔｅｃｈｎｏｌｏｇｙ,True,3
274A,ガーデン,True,3
5463,丸一鋼管,True,3
7777,スリー・ディー・マトリックス,True,3
3760,ケイブ,True,3
9532,大阪瓦斯,True,3
7719,東京衡機,True,3
7095,Ｍａｃｂｅｅ　Ｐｌａｎｅｔ,True,3
5444,大和工業,True,3
6266,タツモ,True,3
4073,ジィ・シィ企画,True,3
1377,サカタのタネ,True,3
2411,ゲンダイエージェンシー,True,3
2752,フジオフードグループ本社,True,3
205A,ロゴスホールディングス,True,3
6366,千代田化工建設,True,3
6998,日本タングステン,True,3
5310,東洋炭素,True,3
2226,湖池屋,True,3
3909,ショーケース,True,3
2163,アルトナー,True,3
8392,大分銀行,True,3
4689,ＬＩＮＥヤフー,True,3
4114,日本触媒,True,3
4813,ＡＣＣＥＳＳ,True,3
285A,キオクシアホールディングス,True,3
5575,Ｇｌｏｂｅｅ,True,3
3565,アセンテック,True,3
3482,ロードスターキャピタル,True,3
4221,大倉工業,True,3
3180,ビューティガレージ,True,3
9386,日本コンセプト,True,3
4394,エクスモーション,True,3
3636,三菱総合研究所,True,3
6728,アルバック,True,3
4326,インテージホールディングス,True,3
6490,ＰＩＬＬＡＲ,True,3
7102,日本車輌製造,True,3
9602,東宝,True,3
7097,さくらさくプラス,True,3
9531,東京瓦斯,True,3
7525,リックス,True,3
2830,アヲハタ,True,3
9160,ノバレーゼ,True,3
5951,ダイニチ工業,True,3
5753,日本伸銅,True,3
262A,インターメスティック,True,3
3030,ハブ,True,3
4427,ＥｄｕＬａｂ,True,3
1969,高砂熱学工業,True,4
3645,メディカルネット,True,4
9025,鴻池運輸,True,4
5187,クリエートメディック,True,4
7927,ムトー精工,True,4
6664,オプトエレクトロニクス,True,4
9279,ギフトホールディングス,True,4
7966,リンテック,True,4
9678,カナモト,True,4
3671,ソフトマックス,True,5
3489,フェイスネットワーク,True,5
7372,デコルテ・ホールディングス,True,5
2540,養命酒製造,True,5
7610,テイツー,True,5
7224,新明和工業,True,5
9639,三協フロンテア,True,5
6069,トレンダーズ,True,5
8118,キング,True,5
7046,ＴＤＳＥ,True,5
4645,市進ホールディングス,True,5
2805,ヱスビー食品,True,5
6824,新コスモス電機,True,5
7686,カクヤスグループ,True,5
3559,ピーバンドットコム,True,5
4631,ＤＩＣ,True,5
4977,新田ゼラチン,True,5
1418,インターライフホールディングス,True,5
6034,ＭＲＴ,True,5
4985,アース製薬,True,4
5248,テクノロジーズ,True,4
6340,澁谷工業,True,4
4524,森下仁丹,True,4
7021,ニッチツ,True,4
8254,さいか屋,True,4
6038,イード,True,4
8616,東海東京フィナンシャル・ホールディングス,True,4
9696,ウィザス,True,4
5357,ヨータイ,True,4
6016,ジャパンエンジンコーポレーション,True,4
4088,エア・ウォーター,True,4
4251,恵和,True,4
6167,冨士ダイス,True,4
4691,ワシントンホテル,True,4
9656,グリーンランドリゾート,True,4
3445,ＲＳ　Ｔｅｃｈｎｏｌｏｇｉｅｓ,True,5
6508,明電舎,True,4
8141,新光商事,True,4
4475,ＨＥＮＮＧＥ,True,4
1961,三機工業,True,4
6459,大和冷機工業,True,4
8011,三陽商会,True,4
5942,日本フイルコン,True,4
6364,ＡＩＲＭＡＮ,True,4
4045,東亞合成,True,4
9275,ナルミヤ・インターナショナル,True,4
4668,明光ネットワークジャパン,True,4
3994,マネーフォワード,True,4
3986,ビーブレイクシステムズ,True,4
2114,フジ日本,True,4
3435,サンコーテクノ,True,4
9414,日本ＢＳ放送,True,5
9551,メタウォーター,True,5
4449,ギフティ,True,5
5032,ＡＮＹＣＯＬＯＲ,True,5
2795,日本プリメックス,True,5
4372,ユミルリンク,True,5
9240,デリバリーコンサルティング,True,5
4752,昭和システムエンジニアリング,True,5
304A,フォルシア,True,5
7936,アシックス,True,5
4434,サーバーワークス,True,5
4624,イサム塗料,True,5
8209,フレンドリー,True,5
4275,カーリット,True,5
2317,システナ,True,5
3141,ウエルシアホールディングス,True,5
3993,ＰＫＳＨＡ　Ｔｅｃｈｎｏｌｏｇｙ,True,5
1976,明星工業,True,5
4676,フジ・メディア・ホールディングス,True,5
1952,新日本空調,True,5
5288,アジアパイルホールディングス,True,5
3191,ジョイフル本田,True,5
2335,キューブシステム,True,5
6836,ぷらっとホーム,True,5
6926,岡谷電機産業,True,5
1807,佐藤渡辺,True,5
7958,天馬,True,5
6630,ヤーマン,True,5
6267,ゼネラルパッカー,True,5
7984,コクヨ,True,5
7031,インバウンドテック,True,5
9436,沖縄セルラー電話,True,5
5616,雨風太陽,True,5
6543,日宣,True,5
3183,ウイン・パートナーズ,True,5
6568,神戸天然物化学,True,5
5870,ナルネットコミュニケーションズ,True,5
5243,ｎｏｔｅ,True,5
9972,アルテック,True,5
6997,日本ケミコン,True,5
4431,スマレジ,True,5
3302,帝国繊維,True,5
6466,ＴＶＥ,True,5
8174,日本瓦斯,True,5
6651,日東工業,True,5
8066,三谷商事,True,5
3524,日東製網,True,5
8276,平和堂,True,5
2157,コシダカホールディングス,True,5
3955,イムラ,True,5
6504,富士電機,True,5
3673,ブロードリーフ,True,5
3193,エターナルホスピタリティグループ,True,5
6040,日本スキー場開発,True,5
3770,ザッパラス,True,5
4347,ブロードメディア,True,5
8198,マックスバリュ東海,True,5
9023,東京地下鉄,True,5
4323,日本システム技術,True,4
281A,インフォメティス,True,4
3961,シルバーエッグ・テクノロジー,True,4
9404,日本テレビホールディングス,True,4
4382,ＨＥＲＯＺ,True,4
3529,アツギ,True,4
5852,アーレスティ,True,4
6189,グローバルキッズＣＯＭＰＡＮＹ,True,4
3878,巴川コーポレーション,True,4
7679,薬王堂ホールディングス,True,4
7198,ＳＢＩアルヒ,True,4
4958,長谷川香料,True,4
2491,バリューコマース,True,4
9408,ＢＳＮメディアホールディングス,True,4
9885,シャルレ,True,4
4595,ミズホメディー,True,4
6155,高松機械工業,True,4
3691,デジタルプラス,True,4
6497,ハマイ,True,4
9560,プログリット,True,4
7637,白銅,True,4
8345,岩手銀行,True,4
8919,カチタス,True,4
3352,バッファロー,True,4
7185,ヒロセ通商,True,4
5186,ニッタ,True,4
2676,高千穂交易,True,4
7974,任天堂,True,4
4343,イオンファンタジー,True,4
2053,中部飼料,True,4
6907,ジオマテック,True,4
9401,ＴＢＳホールディングス,True,4
4659,エイジス,True,4
4397,チームスピリット,True,4
6144,西部電機,True,4
1885,東亜建設工業,True,4
3031,ラクーンホールディングス,True,4
9252,ラストワンマイル,True,4
9052,山陽電気鉄道,True,4
6535,アイモバイル,True,4
9327,イー・ロジット,True,4
4687,ＴＤＣソフト,True,4
2751,テンポスホールディングス,True,4
6223,西部技研,True,4
8130,サンゲツ,True,4
3723,日本ファルコム,True,4
3156,レスター,True,4
6278,ユニオンツール,True,4
7427,エコートレーディング,True,4
8707,岩井コスモホールディングス,True,4
2573,北海道コカ・コーラボトリング,True,4
6594,ニデック,True,4
1904,大成温調,True,4
7172,ジャパンインベストメントアドバイザー,True,4
8154,加賀電子,True,4
6897,ツインバード,True,4
2208,ブルボン,True,4
4375,セーフィー,True,4
8070,東京産業,True,4
1944,きんでん,True,4
4220,リケンテクノス,True,4
3549,クスリのアオキホールディングス,True,4
7014,名村造船所,True,4
4046,大阪ソーダ,True,4
4847,インテリジェント　ウェイブ,True,4
4634,ａｒｔｉｅｎｃｅ,True,4
7643,ダイイチ,True,4
9534,北海道瓦斯,True,4
3161,アゼアス,True,4
4563,アンジェス,True,4
4736,日本ラッド,True,4
9991,ジェコス,True,4
8699,ＨＳホールディングス,True,4
6678,テクノメディカ,True,4
5108,ブリヂストン,True,4
6614,シキノハイテック,True,4
6777,ｓａｎｔｅｃ　Ｈｏｌｄｉｎｇｓ,True,4
9022,東海旅客鉄道,True,4
7923,トーイン,True,4
4503,アステラス製薬,True,4
6741,日本信号,True,4
3591,ワコールホールディングス,True,4
7042,アクセスグループ・ホールディングス,True,4
6022,赤阪鐵工所,True,4
6857,アドバンテスト,True,4
4617,中国塗料,True,4
6470,大豊工業,True,4
4972,綜研化学,True,4
4712,ＫｅｙＨｏｌｄｅｒ,True,4
4891,ティムス,True,12
2975,スター・マイカ・ホールディングス,True,4
7856,萩原工業,True,4
6083,ＥＲＩホールディングス,True,4
7718,スター精密,True,4
1890,東洋建設,True,4
9225,ブリッジコンサルティンググループ,True,4
9163,ナレルグループ,True,4
4615,神東塗料,True,4
9934,因幡電機産業,True,4
3548,バロックジャパンリミテッド,True,4
7821,前田工繊,True,4
8914,エリアリンク,True,4
7795,ＫＹＯＲＩＴＳＵ,True,4
3925,ダブルスタンダード,True,4
9601,松竹,True,4
3521,エコナックホールディングス,True,4
5393,ニチアス,True,4
8425,みずほリース,True,4
1942,関電工,True,4
4072,電算システムホールディングス,True,4
6627,テラプローブ,True,4
7607,進和,True,4
2875,東洋水産,True,4
6727,ワコム,True,4
7872,エステールホールディングス,True,4
4346,ＮＥＸＹＺ．Ｇｒｏｕｐ,True,4
5185,フコク,True,4
5191,住友理工,True,4
8267,イオン,True,4
9219,ギックス,True,3
6662,ユビテック,True,12
6049,イトクロ,True,12
6566,要興業,True,17
4832,ＪＦＥシステムズ,True,17
6454,マックス,True,17
6574,コンヴァノ,True,17
5258,トランザクション・メディア・ネットワークス,True,17
3719,ＡＩストーム,True,17
8159,立花エレテック,True,17
6284,日精エー・エス・ビー機械,True,17
7245,大同メタル工業,True,17
3553,共和レザー,True,17
6351,鶴見製作所,True,17
7460,ヤギ,True,17
5703,日本軽金属ホールディングス,True,17
7490,日新商事,True,17
3687,フィックスターズ,True,17
6820,アイコム,True,17
3080,ジェーソン,True,17
7919,野崎印刷紙業,True,17
5121,藤倉コンポジット,True,17
2315,ＣＡＩＣＡ　ＤＩＧＩＴＡＬ,True,17
7817,パラマウントベッドホールディングス,True,17
1934,ユアテック,True,17
6498,キッツ,True,17
9221,フルハシＥＰＯ,True,17
6013,タクマ,True,17
6071,ＩＢＪ,True,17
1951,エクシオグループ,True,17
7981,タカラスタンダード,True,17
6227,ＡＩメカテック,True,17
9029,ヒガシホールディングス,True,16
2926,篠崎屋,True,16
7914,共同印刷,True,16
1821,三井住友建設,True,16
1884,日本道路,True,16
4091,日本酸素ホールディングス,True,16
5821,平河ヒューテック,True,16
8157,都築電気,True,16
7120,ＳＨＩＮＫＯ,True,16
3537,昭栄薬品,True,16
7093,アディッシュ,True,16
5885,ジーデップ・アドバンス,True,16
7226,極東開発工業,True,17
6378,木村化工機,True,16
6626,ＳＥＭＩＴＥＣ,True,16
5958,三洋工業,True,16
7373,アイドマ・ホールディングス,True,17
1515,日鉄鉱業,True,17
9306,東陽倉庫,True,17
5869,早稲田学習研究会,True,17
4180,Ａｐｐｉｅｒ　Ｇｒｏｕｐ,True,17
6317,北川鉄工所,True,17
6807,日本航空電子工業,True,17
6369,トーヨーカネツ,True,17
4750,ダイサン,True,17
8105,堀田丸正,True,17
276A,ククレブ・アドバイザーズ,True,16
3945,スーパーバッグ,True,16
4216,旭有機材,True,17
4491,コンピューターマネージメント,True,17
1893,五洋建設,True,17
6087,アビスト,True,17
9478,ＳＥホールディングス・アンド・インキュベーションズ,True,17
3984,ユーザーローカル,True,17
5013,ユシロ,True,17
5250,プライム・ストラテジー,True,17
6809,ＴＯＡ,True,17
4377,ワンキャリア,True,17
7781,平山ホールディングス,True,17
5284,ヤマウホールディングス,True,17
3946,トーモク,True,17
4249,森六,True,17
6200,インソース,True,17
3892,岡山製紙,True,17
9214,Ｒｅｃｏｖｅｒｙ　Ｉｎｔｅｒｎａｔｉｏｎａｌ,True,17
151A,ダイブ,True,17
3405,クラレ,True,17
8214,ＡＯＫＩホールディングス,True,17
4371,コアコンセプト・テクノロジー,True,17
5697,サンユウ,True,17
3392,デリカフーズホールディングス,True,17
3010,ポラリス・ホールディングス,True,17
1719,安藤・間,True,17
4673,川崎地質,True,17
4828,ビジネスエンジニアリング,True,17
4417,グローバルセキュリティエキスパート,True,17
9423,フォーバル・リアルストレート,True,17
3358,ワイエスフード,True,17
9889,ＪＢＣＣホールディングス,True,17
9880,イノテック,True,17
6494,ＮＦＫホールディングス,True,17
3918,ＰＣＩホールディングス,True,17
3402,東レ,True,17
9441,ベルパーク,True,17
3931,バリューゴルフ,True,17
3441,山王,True,17
3561,力の源ホールディングス,True,17
7501,ティムコ,True,17
8085,ナラサキ産業,True,17
2436,共同ピーアール,True,17
7037,テノ．ホールディングス,True,17
3825,リミックスポイント,True,17
8225,タカチホ,True,17
4023,クレハ,True,17
2659,サンエー,True,17
4681,リゾートトラスト,True,17
9304,澁澤倉庫,True,17
6877,ＯＢＡＲＡ　ＧＲＯＵＰ,True,17
3550,スタジオアタオ,True,17
6044,三機サービス,True,17
8137,サンワテクノス,True,17
1965,テクノ菱和,True,17
9906,藤井産業,True,17
2418,ツカダ・グローバルホールディング,True,17
9068,丸全昭和運輸,True,17
2981,ランディックス,True,17
9882,イエローハット,True,17
6156,エーワン精密,True,16
3223,エスエルディー,True,16
6656,インスペック,True,16
9351,東洋埠頭,True,16
3082,きちりホールディングス,True,16
6580,ライトアップ,True,16
9672,東京都競馬,True,16
4107,伊勢化学工業,True,16
2791,大黒天物産,True,16
3157,ジオリーブグループ,True,16
3494,マリオン,True,16
8366,滋賀銀行,True,16
8604,野村ホールディングス,True,16
7819,粧美堂,True,16
6718,アイホン,True,16
8023,ＤＡＩＫＯ　ＸＴＥＣＨ,True,16
4412,サイエンスアーツ,True,16
7806,ＭＴＧ,True,16
4418,ＪＤＳＣ,True,16
6357,三精テクノロジーズ,True,16
5010,日本精蝋,True,16
5707,東邦亜鉛,True,16
2429,ワールドホールディングス,True,16
4256,サインド,True,16
7609,ダイトロン,True,16
1835,東鉄工業,True,16
6143,ソディック,True,16
2737,トーメンデバイス,True,16
332A,ミーク,True,16
6088,シグマクシス・ホールディングス,True,16
7043,アルー,True,16
3741,セック,True,16
1945,東京エネシス,True,16
5195,バンドー化学,True,16
7320,Ｓｏｌｖｖｙ,True,16
7059,コプロ・ホールディングス,True,16
2471,エスプール,True,16
7943,ニチハ,True,16
340A,ジグザグ,True,16
3393,スターティアホールディングス,True,16
2820,やまみ,True,16
1810,松井建設,True,16
5591,ＡＶＩＬＥＮ,True,16
8035,東京エレクトロン,True,16
8037,カメイ,True,16
3983,オロ,True,16
4776,サイボウズ,True,16
5137,スマートドライブ,True,16
2344,平安レイサービス,True,16
4125,三和油化工業,True,16
9857,英和,True,16
4208,ＵＢＥ,True,16
1949,住友電設,True,16
7105,三菱ロジスネクスト,True,16
3598,山喜,True,16
6232,ＡＣＳＬ,True,16
1768,ソネック,True,16
9193,東京汽船,True,16
5380,新東,True,16
7940,ウェーブロックホールディングス,True,16
8360,山梨中央銀行,True,16
4678,秀英予備校,True,16
8237,松屋,True,16
3856,Ａｂａｌａｎｃｅ,True,16
5574,ＡＢＥＪＡ,True,16
7182,ゆうちょ銀行,True,16
3002,グンゼ,True,16
9145,ビーイングホールディングス,True,16
9828,Ｇｅｎｋｉ　Ｇｌｏｂａｌ　Ｄｉｎｉｎｇ　Ｃｏｎｃｅｐｔｓ,True,16
2009,鳥越製粉,True,16
8058,三菱商事,True,16
3985,テモナ,True,16
8031,三井物産,True,16
7619,田中商事,True,16
3415,ＴＯＫＹＯ　ＢＡＳＥ,True,16
5976,高周波熱錬,True,16
8001,伊藤忠商事,True,16
8091,ニチモウ,True,16
9324,安田倉庫,True,16
1417,ミライト・ワン,True,16
5285,ヤマックス,True,16
6597,ＨＰＣシステムズ,True,16
4116,大日精化工業,True,16
4198,テンダ,True,16
3964,オークネット,True,16
3924,ランドコンピュータ,True,16
7624,ＮａＩＴＯ,True,16
6853,共和電業,True,16
6028,テクノプロ・ホールディングス,True,16
5586,Ｌａｂｏｒｏ．ＡＩ,True,16
7467,萩原電気ホールディングス,True,16
9147,ＮＩＰＰＯＮ　ＥＸＰＲＥＳＳホールディングス,True,16
343A,ＩＡＣＥトラベル,True,16
7134,アップガレージグループ,True,16
1848,富士ピー・エス,True,16
9216,ビーウィズ,True,16
3123,サイボー,True,16
9066,日新,True,16
1720,東急建設,True,16
7711,助川電気工業,True,16
8864,空港施設,True,16
2327,日鉄ソリューションズ,True,16
8053,住友商事,True,16
4068,ベイシス,True,16
6638,ミマキエンジニアリング,True,16
8081,カナデン,True,16
1663,Ｋ＆Ｏエナジーグループ,True,16
2736,フェスタリアホールディングス,True,16
8562,福島銀行,True,16
142A,ジンジブ,True,16
2492,インフォマート,True,16
8934,サンフロンティア不動産,True,16
6551,ツナググループ・ホールディングス,True,16
2883,大冷,True,16
3197,すかいらーくホールディングス,True,16
5992,中央発條,True,16
9562,ビジネスコーチ,True,16
7177,ＧＭＯフィナンシャルホールディングス,True,16
7088,フォーラムエンジニアリング,True,17
7963,興研,True,18
6772,東京コスモス電機,True,19
9982,タキヒヨー,True,19
3854,アイル,True,19
7466,ＳＰＫ,True,19
4396,システムサポートホールディングス,True,19
3763,プロシップ,True,19
8515,アイフル,True,19
9364,上組,True,19
6161,エスティック,True,19
9706,日本空港ビルデング,True,19
4194,ビジョナル,True,19
6268,ナブテスコ,True,19
3625,テックファームホールディングス,True,19
6675,サクサ,True,19
7229,ユタカ技研,True,19
9264,ポエック,True,19
2892,日本食品化工,True,19
3659,ネクソン,True,19
7044,ピアラ,True,19
3064,ＭｏｎｏｔａＲＯ,True,19
4494,バリオセキュア,True,19
7792,コラントッテ,True,19
9628,燦ホールディングス,True,19
5706,三井金属鉱業,True,19
5947,リンナイ,True,19
7254,ユニバンス,True,19
7089,フォースタートアップス,True,19
6230,ＳＡＮＥＩ,True,19
4206,アイカ工業,True,19
5802,住友電気工業,True,19
6871,日本マイクロニクス,True,19
4495,アイキューブドシステムズ,True,19
6503,三菱電機,True,19
9616,共立メンテナンス,True,19
9036,東部ネットワーク,True,19
4413,ボードルア,True,19
4619,日本特殊塗料,True,19
3099,三越伊勢丹ホールディングス,True,19
8020,兼松,True,19
4062,イビデン,True,19
5344,ＭＡＲＵＷＡ,True,19
3766,システムズ・デザイン,True,19
2175,エス・エム・エス,True,19
5280,ヨシコン,True,19
7208,カネミツ,True,19
2656,ベクターホールディングス,True,19
6840,ＡＫＩＢＡホールディングス,True,19
2222,寿スピリッツ,True,19
6315,ＴＯＷＡ,True,19
2332,クエスト,True,19
6240,ヤマシンフィルタ,True,19
9684,スクウェア・エニックス・ホールディングス,True,19
7126,グローバルスタイル,True,19
7220,武蔵精密工業,True,19
6701,日本電気,True,19
7925,前澤化成工業,True,19
4166,かっこ,True,19
4419,Ｆｉｎａｔｅｘｔホールディングス,True,19
4583,カイオム・バイオサイエンス,True,19
4662,フォーカスシステムズ,True,19
5955,ワイズホールディングス,True,19
9065,山九,True,19
6138,ダイジェット工業,True,19
7949,小松ウオール工業,True,19
7451,三菱食品,True,19
4203,住友ベークライト,True,19
6403,水道機工,True,19
2296,伊藤ハム米久ホールディングス,True,19
5868,ロココ,True,19
8078,阪和興業,True,19
8012,長瀬産業,True,19
7879,ノダ,True,19
6196,ストライク,True,19
6484,ＫＶＫ,True,19
6406,フジテック,True,19
3934,ベネフィットジャパン,True,19
6226,守谷輸送機工業,True,19
4014,カラダノート,True,19
1743,コーアツ工業,True,19
6526,ソシオネクスト,True,19
4319,ＴＡＣ,True,19
5337,ダントーホールディングス,True,19
2138,クルーズ,True,19
8139,ナガホリ,True,19
3667,ｅｎｉｓｈ,True,19
6411,中野冷機,True,19
8057,内田洋行,True,19
2653,イオン九州,True,19
4094,日本化学産業,True,19
6855,日本電子材料,True,19
6349,小森コーポレーション,True,19
5867,エスネットワークス,True,19
6258,平田機工,True,19
6507,シンフォニアテクノロジー,True,19
2769,ヴィレッジヴァンガードコーポレーション,True,19
6146,ディスコ,True,19
7813,プラッツ,True,19
5929,三和ホールディングス,True,19
9932,杉本商事,True,19
2388,ウェッジホールディングス,True,19
6874,協立電機,True,19
3350,メタプラネット,True,19
9301,三菱倉庫,True,19
7325,アイリックコーポレーション,True,19
4318,クイック,True,19
9744,メイテックグループホールディングス,True,19
6744,能美防災,True,19
7735,ＳＣＲＥＥＮホールディングス,True,19
4544,Ｈ．Ｕ．グループホールディングス,True,19
5803,フジクラ,True,19
6965,浜松ホトニクス,True,19
4551,鳥居薬品,True,19
3088,マツキヨココカラ＆カンパニー,True,19
2742,ハローズ,True,19
5532,リアルゲイト,True,19
7366,ＬＩＴＡＬＩＣＯ,True,18
3563,ＦＯＯＤ　＆　ＬＩＦＥ　ＣＯＭＰＡＮＩＥＳ,True,19
7713,シグマ光機,True,19
8150,三信電気,True,18
4592,サンバイオ,True,18
6932,遠藤照明,True,18
7771,日本精密,True,18
4733,オービックビジネスコンサルタント,True,18
7723,愛知時計電機,True,18
9201,日本航空,True,18
3680,ホットリンク,True,18
3138,富士山マガジンサービス,True,18
7678,あさくま,True,18
7013,ＩＨＩ,True,18
9715,トランス・コスモス,True,18
4118,カネカ,True,18
6549,ディーエムソリューションズ,True,18
6888,アクモス,True,18
4373,シンプレクス・ホールディングス,True,18
8088,岩谷産業,True,18
5476,日本高周波鋼業,True,18
6301,小松製作所,True,18
9303,住友倉庫,True,18
2433,博報堂ＤＹホールディングス,True,18
7608,エスケイジャパン,True,18
7463,アドヴァングループ,True,18
7717,ブイ・テクノロジー,True,18
8040,東京ソワール,True,18
1711,ＳＤＳホールディングス,True,18
9173,東海汽船,True,18
5595,ＱＰＳ研究所,True,18
7080,スポーツフィールド,True,18
1721,コムシスホールディングス,True,18
4829,日本エンタープライズ,True,18
4709,ＩＤホールディングス,True,18
8841,テーオーシー,True,18
9215,ＣａＳｙ,True,18
8133,伊藤忠エネクス,True,18
8850,スターツコーポレーション,True,18
8097,三愛オブリ,True,18
7730,マニー,True,18
3073,ＤＤグループ,True,18
6333,帝国電機製作所,True,18
4259,エクサウィザーズ,True,18
4124,大阪油化工業,True,18
3697,ＳＨＩＦＴ,True,18
9613,ＮＴＴデータグループ,True,18
6181,タメニー,True,18
153A,カウリス,True,18
5290,ベルテクスコーポレーション,True,18
2136,ヒップ,True,18
7581,サイゼリヤ,True,18
3289,東急不動産ホールディングス,True,18
8013,ナイガイ,True,18
4690,日本パレットプール,True,18
6544,ジャパンエレベーターサービスホールディングス,True,18
6125,岡本工作機械製作所,True,18
6748,星和電機,True,18
138A,光フードサービス,True,18
6838,多摩川ホールディングス,True,19
6183,ベルシステム２４ホールディングス,True,18
4722,フューチャー,True,18
8002,丸紅,True,19
7912,大日本印刷,True,19
9622,スペース,True,19
5208,有沢製作所,True,19
6989,北陸電気工業,True,19
4826,ＣＩＪ,True,19
2413,エムスリー,True,19
9682,ＤＴＳ,True,19
8570,イオンフィナンシャルサービス,True,19
9070,トナミホールディングス,True,19
6697,テックポイント・インク　ＪＤＲ,True,19
2798,ワイズテーブルコーポレーション,True,19
3850,エヌ・ティ・ティ・データ・イントラマート,True,19
8253,クレディセゾン,True,19
4188,三菱ケミカルグループ,True,19
7532,パン・パシフィック・インターナショナルホールディングス,True,19
6095,メドピア,True,19
9034,南総通運,True,19
6850,チノー,True,19
7692,アースインフィニティ,True,19
7544,スリーエフ,True,19
4732,ユー・エス・エス,True,19
9428,クロップス,True,19
3105,日清紡ホールディングス,True,19
9142,九州旅客鉄道,True,19
8075,神鋼商事,True,19
6963,ローム,True,19
3626,ＴＩＳ,True,19
6745,ホーチキ,True,19
6496,中北製作所,True,18
147A,ソラコム,True,19
2802,味の素,True,19
8056,ＢＩＰＲＯＧＹ,True,19
8596,九州リースサービス,True,19
1812,鹿島建設,True,19
3417,大木ヘルスケアホールディングス,True,19
4186,東京応化工業,True,19
6941,山一電機,True,19
7377,ＤＮホールディングス,True,19
1870,矢作建設工業,True,19
6859,エスペック,True,19
1795,マサル,True,18
3433,トーカロ,True,19
2354,ＹＥ　ＤＩＧＩＴＡＬ,True,19
3168,ＭＥＲＦ,True,19
5105,ＴＯＹＯ　ＴＩＲＥ,True,19
9719,ＳＣＳＫ,True,19
6469,放電精密加工研究所,True,19
9908,日本電計,True,19
6055,ジャパンマテリアル,True,19
6806,ヒロセ電機,True,19
9360,鈴与シンワート,True,19
9812,テーオーホールディングス,True,19
6552,ＧａｍｅＷｉｔｈ,True,19
7034,プロレド・パートナーズ,True,19
9212,Ｇｒｅｅｎ　Ｅａｒｔｈ　Ｉｎｓｔｉｔｕｔｅ,True,19
244A,グロースエクスパートナーズ,True,16
5892,ｙｕｔｏｒｉ,True,16
8101,ＧＳＩクレオス,True,16
3913,ＧｒｅｅｎＢｅｅ,True,14
4170,Ｋａｉｚｅｎ　Ｐｌａｔｆｏｒｍ,True,14
6517,デンヨー,True,14
5582,グリッド,True,14
7181,かんぽ生命保険,True,14
4022,ラサ工業,True,14
8591,オリックス,True,14
7337,ひろぎんホールディングス,True,14
9743,丹青社,True,14
7350,おきなわフィナンシャルグループ,True,14
1431,Ｌｉｂ　Ｗｏｒｋ,True,14
7033,マネジメントソリューションズ,True,14
4392,ＦＩＧ,True,14
5101,横浜ゴム,True,14
8316,三井住友フィナンシャルグループ,True,14
7231,トピー工業,True,14
8563,大東銀行,True,14
3070,ジェリービーンズグループ,True,14
8593,三菱ＨＣキャピタル,True,14
6929,日本セラミック,True,14
4934,プレミアアンチエイジング,True,14
6480,日本トムソン,True,14
6521,オキサイド,True,14
4783,ＮＣＤ,True,14
352A,ＬＩＦＥ　ＣＲＥＡＴＥ,True,14
8381,山陰合同銀行,True,14
3076,あい　ホールディングス,True,14
2762,ＳＡＮＫＯ　ＭＡＲＫＥＴＩＮＧ　ＦＯＯＤＳ,True,14
6619,ダブル・スコープ,True,14
5368,日本インシュレーション,True,13
6061,ユニバーサル園芸社,True,13
2982,ＡＤワークスグループ,True,13
2923,サトウ食品,True,13
9976,セキチュー,True,13
9249,日本エコシステム,True,13
5928,アルメタックス,True,13
6538,ディスラプターズ,True,13
319A,技術承継機構,True,13
212A,フィットイージー,True,13
4461,第一工業製薬,True,13
3647,ジー・スリーホールディングス,True,13
7990,グローブライド,True,14
7445,ライトオン,True,13
2164,地域新聞社,True,13
4584,キッズウェル・バイオ,True,13
1433,ベステラ,True,13
8518,日本アジア投資,True,13
6481,ＴＨＫ,True,13
6417,ＳＡＮＫＹＯ,True,13
4287,ジャストプランニング,True,14
247A,Ａｉロボティクス,True,14
3793,ドリコム,True,14
6794,フォスター電機,True,14
8046,丸藤シートパイル,True,14
8399,琉球銀行,True,14
7477,ムラキ,True,13
2268,Ｂ－Ｒ　サーティワン　アイスクリーム,True,13
9241,フューチャーリンクネットワーク,True,14
4486,ユナイトアンドグロウ,True,14
4403,日油,True,14
1434,ＪＥＳＣＯホールディングス,True,14
7266,今仙電機製作所,True,14
6654,不二電機工業,True,14
6337,テセック,True,14
5838,楽天銀行,True,14
3692,ＦＦＲＩセキュリティ,True,14
7483,ドウシシャ,True,14
8524,北洋銀行,True,14
4487,スペースマーケット,True,14
7240,ＮＯＫ,True,14
7946,光陽社,True,14
6376,日機装,True,14
6506,安川電機,True,14
7291,日本プラスト,True,14
5832,ちゅうぎんフィナンシャルグループ,True,14
4980,デクセリアルズ,True,14
7613,シークス,True,14
6754,アンリツ,True,14
7065,ユーピーアール,True,14
7762,シチズン時計,True,14
6457,グローリー,True,14
7186,コンコルディア・フィナンシャルグループ,True,14
3698,ＣＲＩ・ミドルウェア,True,14
6393,油研工業,True,14
7236,ティラド,True,14
8344,山形銀行,True,14
8522,名古屋銀行,True,14
4680,ラウンドワン,True,14
6814,古野電気,True,14
3940,ノムラシステムコーポレーション,True,14
8544,京葉銀行,True,14
6785,鈴木,True,14
5133,テリロジーホールディングス,True,14
7327,第四北越フィナンシャルグループ,True,14
7707,プレシジョン・システム・サイエンス,True,14
6954,ファナック,True,14
4416,Ｔｒｕｅ　Ｄａｔａ,True,14
9361,伏木海陸運送,True,14
8550,栃木銀行,True,14
7504,高速,True,14
2160,ジーエヌアイグループ,True,14
2124,ジェイエイシーリクルートメント,True,14
9310,日本トランスシティ,True,14
6786,ＲＶＨ,True,14
7374,コンフィデンス・インターワークス,True,14
9479,インプレスホールディングス,True,14
145A,Ｌ　ｉｓ　Ｂ,True,14
2146,ＵＴグループ,True,14
3686,ディー・エル・イー,True,14
2686,ジーフット,True,14
8354,ふくおかフィナンシャルグループ,True,14
5989,エイチワン,True,14
8343,秋田銀行,True,14
2597,ユニカフェ,True,14
7157,ライフネット生命保険,True,14
7938,リーガルコーポレーション,True,14
4735,京進,True,13
3294,イーグランド,True,13
9204,スカイマーク,True,12
8045,横浜丸魚,True,12
6969,松尾電機,True,12
7060,ギークス,True,12
4884,クリングルファーマ,True,12
2927,ＡＦＣ－ＨＤアムスライフサイエンス,True,12
7564,ワークマン,True,12
3683,サイバーリンクス,True,12
7732,トプコン,True,12
6835,アライドテレシスホールディングス,True,12
4889,レナサイエンス,True,12
4445,リビン・テクノロジーズ,True,12
7956,ピジョン,True,12
5858,ＳＴＧ,True,13
7614,オーエムツーネットワーク,True,13
4222,児玉化学工業,True,13
9104,商船三井,True,13
3928,マイネット,True,13
9242,メディア総研,True,13
4246,ダイキョーニシカワ,True,13
6390,加藤製作所,True,13
3181,買取王国,True,13
5132,ｐｌｕｓｚｅｒｏ,True,13
7030,スプリックス,True,13
3443,川田テクノロジーズ,True,13
3779,ジェイ・エスコムホールディングス,True,12
6177,ＡｐｐＢａｎｋ,True,12
6771,池上通信機,True,12
7409,ＡｅｒｏＥｄｇｅ,True,12
9780,ハリマビステム,True,12
3355,クリヤマホールディングス,True,12
6982,リード,True,12
3712,情報企画,True,12
4484,ランサーズ,True,12
9941,太洋物産,True,12
9254,ラバブルマーケティンググループ,True,12
4926,シーボン,True,12
4409,東邦化学工業,True,12
5871,ＳＯＬＩＺＥ,True,12
3024,クリエイト,True,12
7509,アイエーグループ,True,12
6190,フェニックスバイオ,True,13
195A,ライスカレー,True,12
7094,ＮｅｘＴｏｎｅ,True,12
5078,セレコーポレーション,True,12
6029,アトラグループ,True,12
5994,ファインシンター,True,12
3449,テクノフレックス,True,12
8927,明豊エンタープライズ,True,12
3992,ニーズウェル,True,12
148A,ハッチ・ワーク,True,12
3758,アエリア,True,12
9552,Ｍ＆Ａ総研ホールディングス,True,12
3205,ダイドーリミテッド,True,12
3810,サイバーステップ,True,12
8061,西華産業,True,12
3851,日本一ソフトウェア,True,13
6492,岡野バルブ製造,True,13
189A,Ｄ＆Ｍカンパニー,True,13
4881,ファンペップ,True,13
6637,寺崎電気産業,True,13
2796,ファーマライズホールディングス,True,13
7063,Ｂｉｒｄｍａｎ,True,13
4052,フィーチャ,True,13
4720,城南進学研究社,True,13
1518,三井松島ホールディングス,True,13
3467,アグレ都市デザイン,True,13
277A,グロービング,True,13
7833,アイフィスジャパン,True,13
6879,ＩＭＡＧＩＣＡ　ＧＲＯＵＰ,True,13
6091,ウエスコホールディングス,True,13
7322,三十三フィナンシャルグループ,True,13
6381,アネスト岩田,True,13
4013,勤次郎,True,13
2904,一正蒲鉾,True,13
4286,ＣＬホールディングス,True,13
8365,富山銀行,True,13
3179,シュッピン,True,13
9467,アルファポリス,True,13
7640,トップカルチャー,True,13
7318,セレンディップ・ホールディングス,True,13
8304,あおぞら銀行,True,13
6365,電業社機械製作所,True,13
4635,東京インキ,True,13
3922,ＰＲ　ＴＩＭＥＳ,True,13
4444,インフォネット,True,13
4704,トレンドマイクロ,True,13
168A,イタミアート,True,13
4633,サカタインクス,True,13
8208,エンチョー,True,13
7012,川崎重工業,True,13
6901,澤藤電機,True,13
7388,ＦＰパートナー,True,13
324A,ブッキングリゾート,True,13
9561,グラッドキューブ,True,13
350A,デジタルグリッド,True,13
3800,ユニリタ,True,13
4379,Ｐｈｏｔｏｓｙｎｔｈ,True,13
3121,マーチャント・バンカーズ,True,13
7972,イトーキ,True,13
5572,Ｒｉｄｇｅ－ｉ,True,13
9820,エムティジェネックス,True,13
4893,ノイルイミューン・バイオテック,True,13
3633,ＧＭＯペパボ,True,13
6663,太洋テクノレックス,True,13
3447,信和,True,13
2134,北浜キャピタルパートナーズ,True,13
2454,オールアバウト,True,13
3915,テラスカイ,True,13
3627,テクミラホールディングス,True,13
7435,ナ・デックス,True,13
9742,アイネス,True,13
2183,リニカル,True,13
4918,アイビー化粧品,True,13
7022,サノヤスホールディングス,True,13
9307,杉村倉庫,True,14
8309,三井住友トラストグループ,True,14
6058,ベクトル,True,14
6309,巴工業,True,15
7133,ＨＹＵＧＡ　ＰＲＩＭＡＲＹ　ＣＡＲＥ,True,15
6099,エラン,True,15
4882,ペルセウスプロテオミクス,True,15
5259,ＢＢＤイニシアティブ,True,15
4976,東洋ドライルーブ,True,15
184A,学びエイド,True,15
6368,オルガノ,True,15
6841,横河電機,True,15
3826,システムインテグレータ,True,15
3648,ＡＧＳ,True,15
7212,エフテック,True,15
6420,ガリレイ,True,15
3185,夢展望,True,15
3569,セーレン,True,15
3987,エコモット,True,15
4041,日本曹達,True,15
6525,ＫＯＫＵＳＡＩ　ＥＬＥＣＴＲＩＣ,True,15
7740,タムロン,True,15
4674,クレスコ,True,15
3641,パピレス,True,15
3041,ビューティカダンホールディングス,True,15
6488,ヨシタケ,True,15
6493,ＮＩＴＴＡＮ,True,15
5246,ＥＬＥＭＥＮＴＳ,True,15
8473,ＳＢＩホールディングス,True,15
5587,インバウンドプラットフォーム,True,15
4015,ペイクラウドホールディングス,True,15
8131,ミツウロコグループホールディングス,True,15
6875,メガチップス,True,15
3086,Ｊ．フロント　リテイリング,True,15
2693,ＹＫＴ,True,15
7970,信越ポリマー,True,15
4356,応用技術,True,15
6834,精工技研,True,15
2917,大森屋,True,15
197A,タウンズ,True,15
5131,リンカーズ,True,15
3803,イメージ情報開発,True,15
7078,ＩＮＣＬＵＳＩＶＥ,True,15
4812,電通総研,True,15
6262,ＰＥＧＡＳＵＳ,True,15
3660,アイスタイル,True,15
8158,ソーダニッカ,True,15
6407,ＣＫＤ,True,15
8308,りそなホールディングス,True,15
4838,スペースシャワーＳＫＩＹＡＫＩホールディングス,True,15
8411,みずほフィナンシャルグループ,True,15
7932,ニッピ,True,15
4074,ラキール,True,15
6210,ＴＯＹＯイノベックス,True,15
4270,ＢｅｅＸ,True,15
4825,ウェザーニューズ,True,15
6703,沖電気工業,True,15
6338,タカトリ,True,15
5943,ノーリツ,True,15
2464,Ａｏｂａ‐ＢＢＴ,True,15
5621,ヒューマンテクノロジーズ,True,15
7287,日本精機,True,15
6960,フクダ電子,True,16
7994,オカムラ,True,16
9960,東テク,True,16
8624,いちよし証券,True,16
4324,電通グループ,True,16
9936,王将フードサービス,True,16
2003,日東富士製粉,True,16
6928,エノモト,True,16
7453,良品計画,True,16
8084,ＲＹＯＤＥＮ,True,16
9312,ケイヒン,True,16
5801,古河電気工業,True,16
9274,ＫＰＰグループホールディングス,True,16
2385,総医研ホールディングス,True,16
6545,インターネットインフィニティー,True,16
6331,三菱化工機,True,16
9302,三井倉庫ホールディングス,True,16
9720,ホテル、ニューグランド,True,16
6644,大崎電気工業,True,16
4447,ピー・ビーシステムズ,True,16
5034,ｕｎｅｒｒｙ,True,16
8370,紀陽銀行,True,16
6757,ＯＳＧコーポレーション,True,16
9325,ファイズホールディングス,True,16
6297,鉱研工業,True,16
4389,プロパティデータバンク,True,16
8622,水戸証券,True,16
8377,ほくほくフィナンシャルグループ,True,16
4761,さくらケーシーエス,True,16
7636,ハンズマン,True,15
4973,日本高純度化学,True,15
330A,ＴａｌｅｎｔＸ,True,15
9757,船井総研ホールディングス,True,15
6373,大同工業,True,15
3622,ネットイヤーグループ,True,15
4386,ＳＩＧグループ,True,15
5946,長府製作所,True,15
4307,野村総合研究所,True,15
7326,ＳＢＩインシュアランスグループ,True,15
6118,アイダエンジニアリング,True,16
2060,フィード・ワン,True,16
8904,ＡＶＡＮＴＩＡ,True,15
5036,日本ビジネスシステムズ,True,16
7358,ポピンズ,True,16
5901,東洋製罐グループホールディングス,True,16
7571,ヤマノホールディングス,True,16
7003,三井Ｅ＆Ｓ,True,16
4076,シイエヌエス,True,16
7524,マルシェ,True,16
1718,美樹工業,True,16
3083,スターシーズ,True,16
1878,大東建託,True,16
9824,泉州電業,True,16
3480,ジェイ・エス・ビー,True,16
9896,ＪＫホールディングス,True,16
9164,トライト,True,16
9107,川崎汽船,True,15
4369,トリケミカル研究所,True,15
5449,大阪製鐵,True,15
6093,エスクロー・エージェント・ジャパン,True,14
2776,新都ホールディングス,True,14
4063,信越化学工業,True,14
9211,エフ・コード,True,14
5851,リョービ,True,14
4996,クミアイ化学工業,True,14
9845,パーカーコーポレーション,True,14
8393,宮崎銀行,True,14
6396,宇野澤組鐵工所,True,14
8022,美津濃,True,14
8306,三菱ＵＦＪフィナンシャル・グループ,True,14
3628,データホライゾン,True,14
6666,リバーエレテック,True,14
6803,ティアック,True,14
8136,サンリオ,True,14
300A,ＭＩＣ,True,14
6224,ＪＲＣ,True,14
3798,ＵＬＳグループ,True,14
8007,高島,True,14
4658,日本空調サービス,True,14
5945,天龍製鋸,True,14
4099,四国化成ホールディングス,True,14
7804,ビーアンドピー,True,14
9761,東海リース,True,14
6905,コーセル,True,14
5986,モリテック　スチール,True,14
1605,ＩＮＰＥＸ,True,14
3023,ラサ商事,True,14
5831,しずおかフィナンシャルグループ,True,14
8704,トレイダーズホールディングス,True,14
6185,ＳＭＮ,True,14
8537,大光銀行,True,14
341A,トヨコー,True,14
7041,ＣＲＧホールディングス,True,14
5210,日本山村硝子,True,14
325A,ＴＥＮＴＩＡＬ,True,14
4579,ラクオリア創薬,True,14
8334,群馬銀行,True,14
6101,ツガミ,True,14
8341,七十七銀行,True,14
5596,アウトルックコンサルティング,True,14
8714,池田泉州ホールディングス,True,14
8386,百十四銀行,True,14
6273,ＳＭＣ,True,14
4113,田岡化学工業,True,14
8361,大垣共立銀行,True,14
6370,栗田工業,True,14
7189,西日本フィナンシャルホールディングス,True,14
9830,トラスコ中山,True,14
6573,アジャイルメディア・ネットワーク,True,14
2533,オエノンホールディングス,True,14
8558,東和銀行,True,14
4040,南海化学,True,14
6804,ホシデン,True,14
6269,三井海洋開発,True,14
3935,エディア,True,14
7211,三菱自動車工業,True,14
9556,ＩＮＴＬＯＯＰ,True,14
7727,オーバル,True,14
3773,アドバンスト・メディア,True,14
7505,扶桑電通,True,15
9369,キユーソー流通システム,True,15
3920,アイビーシー,True,15
5356,美濃窯業,True,15
2379,ディップ,True,15
6387,サムコ,True,15
3947,ダイナパック,True,15
6141,ＤＭＧ森精機,True,15
3020,アプライド,True,15
5018,ＭＯＲＥＳＣＯ,True,15
9115,明海グループ,True,15
8359,八十二銀行,True,14
8014,蝶理,True,15
3668,コロプラ,True,15
9101,日本郵船,True,15
6074,ジェイエスエス,True,15
8331,千葉銀行,True,15
8050,セイコーグループ,True,15
4004,レゾナック・ホールディングス,True,15
7805,プリントネット,True,15
6588,東芝テック,True,15
2485,ティア,True,15
6707,サンケン電気,True,15
4848,フルキャストホールディングス,True,15
3396,フェリシモ,True,15
7739,キヤノン電子,True,15
3907,シリコンスタジオ,True,12
4452,花王,True,14
4258,網屋,True,14
5301,東海カーボン,True,14
7500,西川計測,True,14
9051,センコン物流,True,14
6976,太陽誘電,True,14
3321,ミタチ産業,True,14
9322,川西倉庫,True,14
8572,アコム,True,14
7239,タチエス,True,14
2903,シノブフーズ,True,14
4026,神島化学工業,True,14
7888,三光合成,True,14
7167,めぶきフィナンシャルグループ,True,14
9476,中央経済社ホールディングス,True,14
4992,北興化学工業,True,14
4293,セプテーニ・ホールディングス,True,14
8614,東洋証券,True,14
5888,ＤＡＩＷＡ　ＣＹＣＬＥ,True,14
7279,ハイレックスコーポレーション,True,14
3131,シンデン・ハイテックス,True,14
3491,ＧＡ　ｔｅｃｈｎｏｌｏｇｉｅｓ,True,14
4641,アルプス技研,True,14
6379,レイズネクスト,True,14
3176,三洋貿易,True,14
9130,共栄タンカー,True,14
6471,日本精工,True,14
6966,三井ハイテック,True,14
3036,アルコニックス,True,14
215A,タイミー,True,3
165A,ＳＢＩレオスひふみ,True,3
4531,有機合成薬品工業,True,3
4362,日本精化,True,0
3950,ザ・パック,True,0
2004,昭和産業,True,0
7061,日本ホスピスホールディングス,True,0
4919,ミルボン,True,0
4990,昭和化学工業,True,0
6428,オーイズミ,True,0
7702,ＪＭＳ,True,0
6255,エヌ・ピー・シー,True,0
5471,大同特殊鋼,True,0
4642,オリジナル設計,True,0
8595,ジャフコ　グループ,True,0
6039,日本動物高度医療センター,True,0
7782,シンシア,True,0
2993,長栄,True,0
4044,セントラル硝子,True,0
7464,セフテック,True,0
4025,多木化学,True,0
4746,東計電算,True,0
7299,フジオーゼックス,True,0
2195,アミタホールディングス,True,0
3941,レンゴー,True,0
6287,サトー,True,0
3328,ＢＥＥＮＯＳ,True,0
7807,幸和製作所,True,0
6326,クボタ,True,0
6967,新光電気工業,True,0
6645,オムロン,True,0
4800,オリコン,True,0
1375,ユキグニファクトリー,True,0
4109,ステラ　ケミファ,True,0
1726,ビーアールホールディングス,True,0
8337,千葉興業銀行,True,0
2497,ユナイテッド,True,0
8918,ランド,True,0
9816,ストライダーズ,True,0
6862,ミナトホールディングス,True,0
2587,サントリー食品インターナショナル,True,0
9600,アイネット,True,0
6578,コレックホールディングス,True,0
5588,ファーストアカウンティング,True,0
4554,富士製薬工業,True,0
2112,塩水港精糖,True,0
7554,幸楽苑,True,0
268A,リガク・ホールディングス,True,0
2726,パルグループホールディングス,True,0
9064,ヤマトホールディングス,True,0
1964,中外炉工業,True,0
9644,タナベコンサルティンググループ,True,0
7408,ジャムコ,True,0
5076,インフロニア・ホールディングス,True,0
7832,バンダイナムコホールディングス,True,0
2207,名糖産業,True,0
6625,ＪＡＬＣＯホールディングス,True,0
6472,ＮＴＮ,True,0
6197,ソラスト,True,0
7309,シマノ,True,0
3676,デジタルハーツホールディングス,True,0
2395,新日本科学,True,0
2931,ユーグレナ,True,0
7280,ミツバ,True,0
4612,日本ペイントホールディングス,True,0
5019,出光興産,True,0
6584,三櫻工業,True,0
7276,小糸製作所,True,0
3360,シップヘルスケアホールディングス,True,0
2201,森永製菓,True,0
2150,ケアネット,True,0
5632,三菱製鋼,True,0
5911,横河ブリッジホールディングス,True,0
9044,南海電気鉄道,True,0
3513,イチカワ,True,0
3374,内外テック,True,0
4054,日本情報クリエイト,True,0
157A,グリーンモンスター,True,0
6620,宮越ホールディングス,True,0
3059,ヒラキ,True,0
7818,トランザクション,True,0
9244,デジタリフト,True,0
8424,芙蓉総合リース,True,0
9869,加藤産業,True,0
3237,イントランス,True,0
9888,ＵＥＸ,True,0
4743,アイティフォー,True,0
8147,トミタ,True,0
7682,浜木綿,True,0
2351,ＡＳＪ,True,0
4465,ニイタカ,True,0
7506,ハウス　オブ　ローゼ,True,0
9929,平和紙業,True,0
3067,東京一番フーズ,True,0
6647,森尾電機,True,0
4523,エーザイ,True,0
2790,ナフコ,True,0
7822,永大産業,True,0
9041,近鉄グループホールディングス,True,0
208A,構造計画研究所ホールディングス,True,0
9740,セントラル警備保障,True,0
6380,オリエンタルチエン工業,True,0
3172,ティーライフ,True,0
5216,倉元製作所,True,0
6292,カワタ,True,0
6149,小田原エンジニアリング,True,0
1762,高松コンストラクショングループ,True,0
4725,ＣＡＣ　Ｈｏｌｄｉｎｇｓ,True,0
8043,スターゼン,True,0
9119,飯野海運,True,0
186A,アストロスケールホールディングス,True,0
3769,ＧＭＯペイメントゲートウェイ,True,0
4008,住友精化,True,0
2480,システム・ロケーション,True,0
4820,イーエムシステムズ,True,0
6440,ＪＵＫＩ,True,0
1662,石油資源開発,True,0
3299,ムゲンエステート,True,0
9974,ベルク,True,0
6228,ジェイ・イー・ティ,True,0
6629,テクノホライゾン,True,0
4587,ペプチドリーム,True,0
7595,アルゴグラフィックス,True,0
9506,東北電力,True,0
5975,東プレ,True,0
6194,アトラエ,True,0
5480,日本冶金工業,True,0
4404,ミヨシ油脂,True,0
2607,不二製油,True,0
2479,ジェイテック,True,0
7791,ドリームベッド,True,0
8273,イズミ,True,0
5580,プロディライト,True,0
7812,クレステック,True,0
3926,オープンドア,True,0
7399,ナンシン,True,0
9989,サンドラッグ,True,0
7527,システムソフト,True,0
2593,伊藤園,True,0
4552,ＪＣＲファーマ,True,0
4011,ヘッドウォータース,True,0
2337,いちご,True,0
1866,北野建設,True,0
4020,ビートレンド,True,0
9731,白洋舎,True,0
6482,ＹＵＳＨＩＮ,True,0
6724,セイコーエプソン,True,0
4754,トスネット,True,0
6743,大同信号,True,0
7555,大田花き,True,0
7570,橋本総業ホールディングス,True,0
9533,東邦瓦斯,True,0
1820,西松建設,True,0
4719,アルファシステムズ,True,0
4840,トライアイズ,True,0
9332,ＮＩＳＳＯホールディングス,True,0
4248,竹本容器,True,0
9380,東海運,True,0
4059,まぐまぐ,True,0
7604,梅の花,True,0
6330,東洋エンジニアリング,True,0
2702,日本マクドナルドホールディングス,True,0
2221,岩塚製菓,True,0
9012,秩父鉄道,True,0
4577,ダイト,True,0
1301,極洋,True,0
3116,トヨタ紡織,True,0
9831,ヤマダホールディングス,True,0
7545,西松屋チェーン,True,0
6131,浜井産業,True,0
7294,ヨロズ,True,0
5932,三協立山,True,0
8285,三谷産業,True,0
7353,ＫＩＹＯラーニング,True,0
8769,アドバンテッジリスクマネジメント,True,0
4120,スガイ化学工業,True,0
3231,野村不動産ホールディングス,True,0
3914,ＪＩＧ－ＳＡＷ,True,0
2342,トランスジェニックグループ,True,0
9339,コーチ・エィ,True,0
4679,田谷,True,0
1736,オーテック,True,0
9962,ミスミグループ本社,True,0
7616,コロワイド,True,0
8628,松井証券,True,0
8051,山善,True,0
3469,デュアルタップ,True,0
7957,フジコピアン,True,0
7774,ジャパン・ティッシュエンジニアリング,True,0
8737,あかつき本社,True,0
2998,クリアル,True,0
4596,窪田製薬ホールディングス,True,0
9020,東日本旅客鉄道,True,0
9074,日本石油輸送,True,0
9895,コンセック,True,0
7375,リファインバースグループ,True,0
141A,トライアルホールディングス,True,0
190A,Ｃｈｏｒｄｉａ　Ｔｈｅｒａｐｅｕｔｉｃｓ,True,0
4956,コニシ,True,0
3133,海帆,True,0
5233,太平洋セメント,True,0
7244,市光工業,True,0
2179,成学社,True,0
8742,小林洋行,True,0
3236,プロパスト,True,0
6363,酉島製作所,True,0
2984,ヤマイチ・ユニハイムエステート,True,0
2673,夢みつけ隊,True,0
8143,ラピーヌ,True,0
3694,オプティム,True,0
4644,イマジニア,True,0
3054,ハイパー,True,0
9305,ヤマタネ,True,0
9278,ブックオフグループホールディングス,True,0
2107,東洋精糖,True,0
2811,カゴメ,True,0
6316,丸山製作所,True,0
5194,相模ゴム工業,True,0
4967,小林製薬,True,0
9994,やまや,True,0
3896,阿波製紙,True,0
9990,サックスバー　ホールディングス,True,0
7184,富山第一銀行,True,0
6694,ズーム,True,0
1447,ＳＡＡＦホールディングス,True,0
3288,オープンハウスグループ,True,0
8260,井筒屋,True,0
6339,新東工業,True,0
9046,神戸電鉄,True,0
6904,原田工業,True,0
7596,魚力,True,0
9227,マイクロ波化学,True,0
7130,ヤマエグループホールディングス,True,0
3401,帝人,True,0
6632,ＪＶＣケンウッド,True,0
5129,ＦＩＸＥＲ,True,0
5950,日本パワーファスニング,True,0
3646,駅探,True,0
5269,日本コンクリート工業,True,0
7752,リコー,True,0
3943,大石産業,True,0
9948,アークス,True,0
9686,東洋テック,True,0
9143,ＳＧホールディングス,True,0
4979,ＯＡＴアグリオ,True,0
2117,ウェルネオシュガー,True,0
9059,カンダホールディングス,True,0
4716,日本オラクル,True,0
4192,スパイダープラス,True,0
9795,ステップ,True,0
6245,ヒラノテクシード,True,0
3003,ヒューリック,True,0
8929,青山財産ネットワークス,True,0
8542,トマト銀行,True,0
4098,チタン工業,True,0
3962,チェンジホールディングス,True,0
3577,東海染工,True,0
2764,ひらまつ,True,0
5915,駒井ハルテック,True,0
2169,ＣＤＳ,True,0
4235,ウルトラファブリックス・ホールディングス,True,0
8551,北日本銀行,True,0
7196,Ｃａｓａ,True,0
9946,ミニストップ,True,0
6523,ＰＨＣホールディングス,True,0
6489,前澤工業,True,0
9171,栗林商船,True,0
3634,ソケッツ,True,0
5070,ドラフト,True,0
6866,日置電機,True,0
2329,東北新社,True,0
7979,松風,True,0
7127,一家ホールディングス,True,0
2962,テクニスコ,True,0
4684,オービック,True,0
4288,アズジェント,True,0
1982,日比谷総合設備,True,0
9504,中国電力,True,0
4019,スタメン,True,0
7561,ハークスレイ,True,0
7447,ナガイレーベン,True,0
3173,Ｃｏｍｉｎｉｘ,True,0
7173,東京きらぼしフィナンシャルグループ,True,0
5201,ＡＧＣ,True,0
3140,ＢＲＵＮＯ,True,0
4480,メドレー,True,0
6250,やまびこ,True,0
6444,サンデン,True,0
9846,天満屋ストア,True,0
7072,インティメート・マージャー,True,0
1773,ワイ・ティー・エル・コーポレーション・バーハッド,True,0
3286,トラストホールディングス,True,0
4304,Ｅストアー,True,0
4920,日本色材工業研究所,True,0
9337,トリドリ,True,0
2818,ピエトロ,True,0
5941,中西製作所,True,0
7150,島根銀行,True,0
3333,あさひ,True,0
7148,ＦＰＧ,True,0
7840,フランスベッドホールディングス,True,0
1861,熊谷組,True,0
1929,日特建設,True,0
6203,豊和工業,True,0
7931,未来工業,True,0
6755,富士通ゼネラル,True,0
9959,アシードホールディングス,True,0
2002,日清製粉グループ本社,True,0
3277,サンセイランディック,True,0
3540,歯愛メディカル,True,0
6346,キクカワエンタープライズ,True,0
6158,和井田製作所,True,0
9063,岡山県貨物運送,True,0
9006,京浜急行電鉄,True,0
7810,クロスフォー,True,0
7590,タカショー,True,0
4540,ツムラ,True,0
9704,アゴーラ　ホスピタリティー　グループ,True,0
3291,飯田グループホールディングス,True,0
2331,綜合警備保障,True,0
7839,ＳＨＯＥＩ,True,0
6279,瑞光,True,0
5988,パイオラックス,True,0
2481,タウンニュース社,True,0
2139,中広,True,0
6731,ピクセラ,True,0
6563,みらいワークス,True,0
9767,日建工学,True,0
5244,ｊｉｇ．ｊｐ,True,0
6564,ミダックホールディングス,True,0
6973,協栄産業,True,0
6157,日進工具,True,0
6432,竹内製作所,True,0
7916,光村印刷,True,0
4516,日本新薬,True,0
5982,マルゼン,True,0
4762,エックスネット,True,0
7241,フタバ産業,True,0
7420,佐鳥電機,True,0
9319,中央倉庫,True,0
7421,カッパ・クリエイト,True,0
7389,あいちフィナンシャルグループ,True,0
2806,ユタカフーズ,True,0
3948,光ビジネスフォーム,True,0
7523,アールビバン,True,0
7997,くろがね工作所,True,0
3087,ドトール・日レスホールディングス,True,0
9726,ＫＮＴ－ＣＴホールディングス,True,0
3969,エイトレッド,True,0
5252,日本ナレッジ,True,0
9739,ＮＳＷ,True,0
9376,ユーラシア旅行社,True,0
4556,カイノス,True,0
3071,ストリーム,True,0
8230,はせがわ,True,0
5242,アイズ,True,0
1841,サンユー建設,True,0
9501,東京電力ホールディングス,True,0
3423,エスイー,True,0
7480,スズデン,True,0
8713,フィデアホールディングス,True,0
7199,プレミアグループ,True,0
2484,出前館,True,0
6819,伊豆シャボテンリゾート,True,0
5729,日本精鉱,True,0
5834,ＳＢＩリーシングサービス,True,0
6184,鎌倉新書,True,0
2767,円谷フィールズホールディングス,True,0
7203,トヨタ自動車,True,0
6089,ウィルグループ,True,0
6622,ダイヘン,True,0
3204,トーア紡コーポレーション,True,0
5533,エリッツホールディングス,True,0
8995,誠建設工業,True,0
8697,日本取引所グループ,True,0
2788,アップルインターナショナル,True,0
9997,ベルーナ,True,0
3201,日本毛織,True,0
2323,ｆｏｎｆｕｎ,True,0
4017,クリーマ,True,0
7988,ニフコ,True,0
9057,遠州トラック,True,0
3539,ＪＭホールディングス,True,0
3901,マークラインズ,True,0
7722,国際計測器,True,0
4571,ＮＡＮＯ　ＭＲＮＡ,True,0
6298,ワイエイシイホールディングス,True,0
6150,タケダ機械,True,0
4308,Ｊストリーム,True,0
8032,日本紙パルプ商事,True,0
1939,四電工,True,0
6923,スタンレー電気,True,0
7999,ＭＵＴＯＨホールディングス,True,0
9218,メンタルヘルステクノロジーズ,True,0
1873,日本ハウスホールディングス,True,0
7347,マーキュリアホールディングス,True,0
7218,田中精密工業,True,0
6951,日本電子,True,0
5742,エヌアイシ・オートテック,True,0
8630,ＳＯＭＰＯホールディングス,True,0
9075,福山通運,True,0
9913,日邦産業,True,0
6384,昭和真空,True,0
7623,サンオータス,True,0
7908,きもと,True,0
7885,タカノ,True,0
7192,日本モーゲージサービス,True,0
5909,コロナ,True,0
9271,和心,True,0
3895,ハビックス,True,0
2685,アダストリア,True,0
7823,アートネイチャー,True,0
6081,アライドアーキテクツ,True,0
6615,ユー・エム・シー・エレクトロニクス,True,0
1766,東建コーポレーション,True,0
4814,ネクストウェア,True,0
9365,トレーディア,True,0
2501,サッポロホールディングス,True,0
6104,芝浦機械,True,0
3353,メディカル一光グループ,True,0
9701,東京會舘,True,0
9031,西日本鉄道,True,0
7091,リビングプラットフォーム,True,0
6463,ＴＰＲ,True,0
9233,アジア航測,True,0
7202,いすゞ自動車,True,0
4564,オンコセラピー・サイエンス,True,0
7875,竹田ｉＰホールディングス,True,0
2438,アスカネット,True,0
2282,日本ハム,True,0
6412,平和,True,0
8996,ハウスフリーダム,True,0
3075,銚子丸,True,0
6405,鈴茂器工,True,0
4069,ＢｌｕｅＭｅｍｅ,True,0
7057,エヌ・シー・エヌ,True,0
4886,あすか製薬ホールディングス,True,0
6254,野村マイクロ・サイエンス,True,0
3452,ビーロット,True,0
2914,日本たばこ産業,True,0
6332,月島ホールディングス,True,0
2122,インタースペース,True,0
3996,サインポスト,True,0
5445,東京鐵鋼,True,0
7775,大研医器,True,0
6522,アスタリスク,True,0
5391,エーアンドエーマテリアル,True,0
9048,名古屋鉄道,True,0
8181,東天紅,True,0
6613,ＱＤレーザ,True,0
8700,丸八証券,True,0
9788,ナック,True,0
6919,ケル,True,0
2911,旭松食品,True,0
7138,ＴＯＲＩＣＯ,True,0
3395,サンマルクホールディングス,True,0
1860,戸田建設,True,0
7820,ニホンフラッシュ,True,0
5027,ＡｎｙＭｉｎｄ　Ｇｒｏｕｐ,True,0
6955,ＦＤＫ,True,0
7769,リズム,True,0
8079,正栄食品工業,True,0
2915,ケンコーマヨネーズ,True,0
7039,ブリッジインターナショナル,True,0
2819,エバラ食品工業,True,0
5384,フジミインコーポレーテッド,True,0
4657,環境管理センター,True,0
4344,ソースネクスト,True,0
2674,ハードオフコーポレーション,True,0
7849,スターツ出版,True,0
4519,中外製薬,True,0
2292,Ｓ　Ｆｏｏｄｓ,True,0
8218,コメリ,True,0
1813,不動テトラ,True,0
4597,ソレイジア・ファーマ,True,0
6080,Ｍ＆Ａキャピタルパートナーズ,True,0
7827,オービス,True,0
2683,魚喜,True,0
5033,ヌーラボ,True,0
2269,明治ホールディングス,True,0
2503,キリンホールディングス,True,0
7456,松田産業,True,0
9268,オプティマスグループ,True,0
7058,共栄セキュリティーサービス,True,0
6165,パンチ工業,True,0
4261,アジアクエスト,True,0
4165,プレイド,True,0
8617,光世証券,True,0
8772,アサックス,True,0
3284,フージャースホールディングス,True,0
8418,山口フィナンシャルグループ,True,0
7513,コジマ,True,0
8881,日神グループホールディングス,True,0
1514,住石ホールディングス,True,0
7947,エフピコ,True,0
9842,アークランズ,True,0
6861,キーエンス,True,0
1712,ダイセキ環境ソリューション,True,0
1401,エムビーエス,True,0
7129,ミアヘルサホールディングス,True,0
4432,ウイングアーク１ｓｔ,True,0
6419,マースグループホールディングス,True,0
4792,山田コンサルティンググループ,True,0
7874,レック,True,0
9519,レノバ,True,0
4809,パラカ,True,0
9509,北海道電力,True,0
5956,トーソー,True,0
7951,ヤマハ,True,0
6788,日本トリム,True,0
3639,ボルテージ,True,0
4506,住友ファーマ,True,0
2705,大戸屋ホールディングス,True,0
6763,帝国通信工業,True,0
1788,三東工業社,True,0
6413,理想科学工業,True,0
7119,ハルメクホールディングス,True,0
4896,ケイファーマ,True,0
2924,イフジ産業,True,0
7213,レシップホールディングス,True,0
2220,亀田製菓,True,0
4521,科研製薬,True,0
3382,セブン＆アイ・ホールディングス,True,0
2293,滝沢ハム,True,0
3836,アバントグループ,True,0
6699,ダイヤモンドエレクトリックホールディングス,True,0
2384,ＳＢＳホールディングス,True,0
9507,四国電力,True,0
6036,ＫｅｅＰｅｒ技研,True,0
4462,石原ケミカル,True,0
7902,ソノコム,True,0
5110,住友ゴム工業,True,0
4367,広栄化学,True,0
4527,ロート製薬,True,0
3137,ファンデリー,True,0
5985,サンコール,True,0
9557,エアークローゼット,True,0
8801,三井不動産,True,0
3068,ＷＤＩ,True,0
3753,フライトソリューションズ,True,0
7615,京都きもの友禅ホールディングス,True,0
9513,電源開発,True,0
9543,静岡ガス,True,0
9470,学研ホールディングス,True,0
2109,ＤＭ三井製糖,True,0
5757,ＣＫサンエツ,True,0
3397,トリドールホールディングス,True,0
1446,キャンディル,True,0
2792,ハニーズホールディングス,True,0
3911,Ａｉｍｉｎｇ,True,0
9763,丸紅建材リース,True,0
2698,キャンドゥ,True,0
5570,ジェノバ,True,0
6572,オープングループ,True,0
4238,ミライアル,True,0
8278,フジ,True,0
3058,三洋堂ホールディングス,True,0
7438,コンドーテック,True,0
2483,翻訳センター,True,0
3409,北日本紡績,True,0
2801,キッコーマン,True,0
4234,サンエー化研,True,0
3839,ＯＤＫソリューションズ,True,0
3657,ポールトゥウィンホールディングス,True,0
2338,クオンタムソリューションズ,True,0
3434,アルファＣｏ,True,0
4661,オリエンタルランド,True,0
9702,アイ・エス・ビー,True,0
3238,セントラル総合開発,True,0
4894,クオリプス,True,0
5482,愛知製鋼,True,0
2415,ヒューマンホールディングス,True,0
1938,日本リーテック,True,0
2130,メンバーズ,True,0
4320,ＣＥホールディングス,True,0
1716,第一カッター興業,True,0
9272,ブティックス,True,0
9850,グルメ杵屋,True,0
4406,新日本理化,True,0
4664,アール・エス・シー,True,0
7793,イメージ・マジック,True,0
331A,メディックス,True,0
6178,日本郵政,True,0
5998,アドバネクス,True,0
5949,ユニプレス,True,0
3097,物語コーポレーション,True,0
3791,ＩＧポート,True,0
6306,日工,True,0
3484,イノベーションホールディングス,True,0
7952,河合楽器製作所,True,0
5446,北越メタル,True,0
9045,京阪ホールディングス,True,0
3593,ホギメディカル,True,0
2349,エヌアイデイ,True,0
4237,フジプレアム,True,0
4883,モダリス,True,0
2404,鉄人化ホールディングス,True,0
8999,グランディハウス,True,0
5142,アキレス,True,0
6958,日本シイエムケイ,True,0
2393,日本ケアサプライ,True,0
291A,リスキル,True,0
196A,ＭＦＳ,True,0
3526,芦森工業,True,0
6433,ヒーハイスト,True,0
8160,木曽路,True,0
3865,北越コーポレーション,True,0
4093,東邦アセチレン,True,0
8818,京阪神ビルディング,True,0
4929,アジュバンホールディングス,True,0
9902,日伝,True,0
4274,細谷火工,True,0
2872,セイヒョー,True,0
5704,ＪＭＣ,True,0
6193,バーチャレクス・ホールディングス,True,0
5408,中山製鋼所,True,0
5844,京都フィナンシャルグループ,True,0
6347,プラコー,True,0
3804,システム　ディ,True,0
7255,桜井製作所,True,0
5922,那須電機鉄工,True,0
6418,日本金銭機械,True,0
6042,ニッキ,True,0
4538,扶桑薬品工業,True,0
3439,三ツ知,True,0
4768,大塚商会,True,0
7360,オンデック,True,0
4887,サワイグループホールディングス,True,0
2782,セリア,True,0
9778,昴,True,0
278A,Ｔｅｒｒａ　Ｄｒｏｎｅ,True,0
6448,ブラザー工業,True,0
7214,ＧＭＢ,True,0
2170,リンクアンドモチベーション,True,0
7550,ゼンショーホールディングス,True,0
9405,朝日放送グループホールディングス,True,0
6282,オイレス工業,True,0
1787,ナカボーテック,True,0
6180,ＧＭＯメディア,True,0
8771,イー・ギャランティ,True,0
6899,ＡＳＴＩ,True,0
7259,アイシン,True,0
8383,鳥取銀行,True,0
3902,メディカル・データ・ビジョン,True,0
5603,虹技,True,0
8107,キムラタン,True,0
7313,テイ・エス　テック,True,0
2760,東京エレクトロン　デバイス,True,0
7345,アイ・パートナーズフィナンシャル,True,0
8185,チヨダ,True,0
2493,イーサポートリンク,True,0
6560,エル・ティー・エス,True,0
4488,ＡＩ　ｉｎｓｉｄｅ,True,0
7112,キューブ,True,0
9162,ブリーチ,True,0
7508,Ｇ‐７ホールディングス,True,0
2930,北の達人コーポレーション,True,0
3835,ｅＢＡＳＥ,True,0
7937,ツツミ,True,0
7780,メニコン,True,0
8217,オークワ,True,0
4173,ＷＡＣＵＬ,True,0
4586,メドレックス,True,0
4565,ネクセラファーマ,True,0
4839,ＷＯＷＯＷ,True,0
5254,Ａｒｅｎｔ,True,0
9341,ＧＥＮＯＶＡ,True,0
5262,日本ヒューム,True,0
6063,日本エマージェンシーアシスタンス,True,0
6736,サン電子,True,0
5282,ジオスター,True,0
7352,ＴＷＯＳＴＯＮＥ＆Ｓｏｎｓ,True,0
3796,いい生活,True,0
4816,東映アニメーション,True,0
4559,ゼリア新薬工業,True,0
2435,シダー,True,0
4310,ドリームインキュベータ,True,0
9956,バローホールディングス,True,0
8125,ワキタ,True,0
4623,アサヒペン,True,0
6768,タムラ製作所,True,0
6776,天昇電気工業,True,0
3900,クラウドワークス,True,0
7450,サンデー,True,0
9037,ハマキョウレックス,True,0
3968,セグエグループ,True,0
8897,ＭＩＲＡＲＴＨホールディングス,True,0
2733,あらた,True,0
3111,オーミケンシ,True,0
9663,ナガワ,True,0
6844,新電元工業,True,0
2477,手間いらず,True,0
9517,イーレックス,True,0
8200,リンガーハット,True,0
9342,スマサポ,True,0
5997,協立エアテック,True,0
5936,東洋シヤッター,True,0
6054,リブセンス,True,0
9832,オートバックスセブン,True,0
4925,ハーバー研究所,True,0
6367,ダイキン工業,True,0
2730,エディオン,True,0
1414,ショーボンドホールディングス,True,0
8860,フジ住宅,True,0
4183,三井化学,True,0
6557,ＡＩＡＩグループ,True,0
6723,ルネサスエレクトロニクス,True,0
7603,マックハウス,True,0
7217,テイン,True,0
8255,アクシアル　リテイリング,True,0
5820,三ッ星,True,0
7458,第一興商,True,0
5660,神鋼鋼線工業,True,0
4376,くふうカンパニーホールディングス,True,0
7922,三光産業,True,0
8059,第一実業,True,0
5903,シンポ,True,0
3457,Ａｎｄ　Ｄｏホールディングス,True,0
5161,西川ゴム工業,True,0
8151,東陽テクニカ,True,0
5020,ＥＮＥＯＳホールディングス,True,0
2670,エービーシー・マート,True,0
7459,メディパルホールディングス,True,0
2173,博展,True,0
2353,日本駐車場開発,True,0
9003,相鉄ホールディングス,True,0
3169,ミサワ,True,0
8111,ゴールドウイン,True,0
3242,アーバネットコーポレーション,True,0
4260,ハイブリッドテクノロジーズ,True,0
298A,ＧＶＡ　ＴＥＣＨ,True,0
8346,東邦銀行,True,0
4974,タカラバイオ,True,0
7850,総合商研,True,0
288A,ラクサス・テクノロジーズ,True,0
4549,栄研化学,True,0
8038,東都水産,True,0
6191,エアトリ,True,0
6473,ジェイテクト,True,0
6561,ＨＡＮＡＴＯＵＲ　ＪＡＰＡＮ,True,0
7215,ファルテック,True,0
3989,シェアリングテクノロジー,True,0
3970,イノベーション,True,0
7883,サンメッセ,True,0
9887,松屋フーズホールディングス,True,0
2432,ディー・エヌ・エー,True,0
8089,ナイス,True,0
5726,大阪チタニウムテクノロジーズ,True,0
3261,グランディーズ,True,0
265A,Ｈｍｃｏｍｍ,True,0
3937,Ｕｂｉｃｏｍホールディングス,True,0
4100,戸田工業,True,0
8132,シナネンホールディングス,True,0
7066,ピアズ,True,0
9009,京成電鉄,True,0
5279,日本興業,True,0
299A,ｄｅｌｙ,True,0
1802,大林組,True,0
8908,毎日コムネット,True,0
4429,リックソフト,True,0
6005,三浦工業,True,0
7733,オリンパス,True,0
4922,コーセー,True,0
1444,ニッソウ,True,0
9344,アクシスコンサルティング,True,0
4665,ダスキン,True,0
9033,広島電鉄,True,0
4393,バンク・オブ・イノベーション,True,0
5386,鶴弥,True,0
4512,わかもと製薬,True,0
4578,大塚ホールディングス,True,0
7599,ＩＤＯＭ,True,0
4443,Ｓａｎｓａｎ,True,0
2721,ジェイホールディングス,True,0
3113,ＵＮＩＶＡ・Ｏａｋホールディングス,True,0
1899,福田組,True,0
8104,クワザワホールディングス,True,0
3538,ウイルプラスホールディングス,True,0
7161,じもとホールディングス,True,0
7976,三菱鉛筆,True,0
3583,オーベクス,True,0
9338,ＩＮＦＯＲＩＣＨ,True,0
5658,日亜鋼業,True,0
6345,アイチ　コーポレーション,True,0
3842,ネクストジェン,True,0
4350,メディカルシステムネットワーク,True,0
1827,ナカノフドー建設,True,0
3991,ウォンテッドリー,True,0
6952,カシオ計算機,True,0
6465,ホシザキ,True,0
6964,サンコー,True,0
5984,兼房,True,0
6395,タダノ,True,0
7267,本田技研工業,True,0
1994,高橋カーテンウォール工業,True,0
3923,ラクス,True,0
9612,ラックランド,True,0
9503,関西電力,True,0
4625,アトミクス,True,0
2304,ＣＳＳホールディングス,True,0
6730,アクセル,True,0
4912,ライオン,True,0
8940,インテリックス,True,0
1997,暁飯島工業,True,0
6753,シャープ,True,0
4299,ハイマックス,True,0
4398,ブロードバンドセキュリティ,True,0
7991,マミヤ・オーピー,True,0
9723,京都ホテル,True,0
4613,関西ペイント,True,0
4490,ビザスク,True,0
2613,Ｊ－オイルミルズ,True,0
9554,ＡＶｉＣ,True,0
2722,ＩＫホールディングス,True,0
3050,ＤＣＭホールディングス,True,0
9713,ロイヤルホテル,True,0
6548,旅工房,True,0
4543,テルモ,True,0
3094,スーパーバリュー,True,0
2602,日清オイリオグループ,True,0
9265,ヤマシタヘルスケアホールディングス,True,0
1850,南海辰村建設,True,0
6335,東京機械製作所,True,0
4492,ゼネテック,True,0
7898,ウッドワン,True,0
3544,サツドラホールディングス,True,0
4464,ソフト９９コーポレーション,True,0
4262,ニフティライフスタイル,True,0
3222,ユナイテッド・スーパーマーケット・ホールディングス,True,0
4477,ＢＡＳＥ,True,0
1833,奥村組,True,0
2154,オープンアップグループ,True,0
4530,久光製薬,True,0
9651,日本プロセス,True,0
6721,ウインテスト,True,0
8783,ＧＦＡ,True,0
6416,桂川電機,True,0
6577,ベストワンドットコム,True,0
5406,神戸製鋼所,True,0
6312,フロイント産業,True,0
7175,今村証券,True,0
4914,高砂香料工業,True,0
1887,日本国土開発,True,0
5817,ＪＭＡＣＳ,True,0
9843,ニトリホールディングス,True,0
2594,キーコーヒー,True,0
5940,不二サッシ,True,0
3465,ケイアイスター不動産,True,0
9433,ＫＤＤＩ,True,0
9474,ゼンリン,True,0
4430,東海ソフト,True,0
6136,オーエスジー,True,0
3653,モルフォ,True,0
6140,旭ダイヤモンド工業,True,0
8039,築地魚市場,True,0
7079,ＷＤＢココ,True,0
339A,プログレス・テクノロジーズ　グループ,True,0
1450,ＴＡＮＡＫＥＮ,True,0
8793,ＮＥＣキャピタルソリューション,True,0
9986,蔵王産業,True,0
5440,共英製鋼,True,0
2502,アサヒグループホールディングス,True,0
9980,ＭＲＫホールディングス,True,0
8541,愛媛銀行,True,0
2876,デルソーレ,True,0
3151,バイタルケーエスケー・ホールディングス,True,0
7414,小野建,True,0
8364,清水銀行,True,0
8705,日産証券グループ,True,0
3802,エコミック,True,0
9629,ピー・シー・エー,True,0
4178,Ｓｈａｒｉｎｇ　Ｉｎｎｏｖａｔｉｏｎｓ,True,0
8129,東邦ホールディングス,True,0
6670,ＭＣＪ,True,0
3093,トレジャー・ファクトリー,True,0
4378,ＣＩＮＣ,True,0
9399,ビート・ホールディングス・リミテッド,True,0
2217,モロゾフ,True,0
3166,ＯＣＨＩホールディングス,True,0
7939,研創,True,0
6937,古河電池,True,0
7897,ホクシン,True,0
4333,東邦システムサイエンス,True,0
5009,富士興産,True,0
2689,オルバヘルスケアホールディングス,True,0
7743,シード,True,0
3046,ジンズホールディングス,True,0
206A,ＰＲＩＳＭ　ＢｉｏＬａｂ,True,0
8439,東京センチュリー,True,0
2374,セントケア・ホールディング,True,0
1783,ｆａｎｔａｓｉｓｔａ,True,0
7602,レダックス,True,0
3154,メディアスホールディングス,True,0
2204,中村屋,True,0
4478,フリー,True,0
7867,タカラトミー,True,0
9511,沖縄電力,True,0
2831,はごろもフーズ,True,0
8349,東北銀行,True,0
4053,Ｓｕｎ　Ａｓｔｅｒｉｓｋ,True,0
3196,ホットランドホールディングス,True,0
3475,グッドコムアセット,True,0
6562,ジーニー,True,0
9340,アソインターナショナル,True,0
9330,揚羽,True,0
3710,ジョルダン,True,0
3079,ディーブイエックス,True,0
3474,Ｇ－ＦＡＣＴＯＲＹ,True,0
6324,ハーモニック・ドライブ・システムズ,True,0
4439,東名,True,0
9876,コックス,True,0
8077,トルク,True,0
3028,アルペン,True,0
8804,東京建物,True,0
4911,資生堂,True,0
2810,ハウス食品グループ本社,True,0
2749,ＪＰホールディングス,True,0
9950,ハチバン,True,0
4177,ｉ‐ｐｌｕｇ,True,0
7725,インターアクション,True,0
2206,江崎グリコ,True,0
3765,ガンホー・オンライン・エンターテイメント,True,0
2340,極楽湯ホールディングス,True,0
6229,オーケーエム,True,0
6050,イー・ガーディアン,True,0
6869,シスメックス,True,0
3635,コーエーテクモホールディングス,True,0
4229,群栄化学工業,True,0
9001,東武鉄道,True,0
3997,トレードワークス,True,0
7630,壱番屋,True,0
6464,ツバキ・ナカシマ,True,0
1757,創建エース,True,0
3880,大王製紙,True,0
9450,ファイバーゲート,True,0
2378,ルネサンス,True,0
3623,ビリングシステム,True,0
9983,ファーストリテイリング,True,0
7444,ハリマ共和物産,True,0
6715,ナカヨ,True,0
5741,ＵＡＣＪ,True,0
7567,栄電子,True,0
7412,アトム,True,0
6145,ＮＩＴＴＯＫＵ,True,0
9416,ビジョン,True,0
4448,ｋｕｂｅｌｌ,True,0
7271,安永,True,0
2681,ゲオホールディングス,True,0
2687,シー・ヴイ・エス・ベイエリア,True,1
6265,コンバム,True,1
3001,片倉工業,True,1
9787,イオンディライト,True,1
3612,ワールド,True,1
9735,セコム,True,1
4441,トビラシステムズ,True,1
6599,エブレン,True,1
5969,ロブテックス,True,1
9432,日本電信電話,True,1
3814,アルファクス・フード・システム,True,1
5189,櫻護謨,True,1
8076,カノークス,True,1
2999,ホームポジション,True,1
3077,ホリイフードサービス,True,1
1853,森組,True,1
6302,住友重機械工業,True,1
7995,バルカー,True,1
6902,デンソー,True,1
9930,北沢産業,True,1
4240,クラスターテクノロジー,True,1
8095,アステナホールディングス,True,1
2389,デジタルホールディングス,True,1
1950,日本電設工業,True,1
3458,シーアールイー,True,1
4885,室町ケミカル,True,1
7731,ニコン,True,1
7846,パイロットコーポレーション,True,1
8912,エリアクエスト,True,1
6770,アルプスアルパイン,True,1
3963,シンクロ・フード,True,1
7071,アンビスホールディングス,True,1
3477,フォーライフ,True,1
6962,大真空,True,1
6915,千代田インテグレ,True,1
9258,ＣＳ－Ｃ,True,1
4437,ｇｏｏｄｄａｙｓホールディングス,True,1
5577,アイデミー,True,1
7864,フジシールインターナショナル,True,1
6800,ヨコオ,True,1
5232,住友大阪セメント,True,1
9202,ＡＮＡホールディングス,True,1
8289,Ｏｌｙｍｐｉｃグループ,True,1
7354,ダイレクトマーケティングミックス,True,1
6995,東海理化電機製作所,True,1
1930,北陸電気工事,True,1
4471,三洋化成工業,True,1
7238,曙ブレーキ工業,True,1
7621,うかい,True,1
9782,ディーエムエス,True,1
4902,コニカミノルタ,True,1
3241,ウィル,True,1
7575,日本ライフライン,True,1
6961,エンプラス,True,1
4380,Ｍマート,True,1
6371,椿本チエイン,True,1
4667,アイサンテクノロジー,True,1
7698,アイスコ,True,1
250A,シマダヤ,True,1
8708,アイザワ証券グループ,True,1
5381,Ｍｉｐｏｘ,True,1
7989,立川ブラインド工業,True,1
4760,アルファ,True,1
7069,サイバー・バズ,True,1
7040,サン・ライフホールディング,True,1
4078,堺化学工業,True,1
7565,萬世電機,True,1
7600,日本エム・ディ・エム,True,2
7779,ＣＹＢＥＲＤＹＮＥ,True,2
5451,淀川製鋼所,True,2
5021,コスモエネルギーホールディングス,True,2
4199,ワンダープラネット,True,2
3597,自重堂,True,2
4182,三菱瓦斯化学,True,2
6769,ザインエレクトロニクス,True,2
3571,ソトー,True,2
8016,オンワードホールディングス,True,2
4189,ＫＨネオケム,True,2
7539,アイナボホールディングス,True,2
4187,大阪有機化学工業,True,2
5071,ヴィス,True,2
6617,東光高岳,True,2
6988,日東電工,True,2
9343,アイビス,True,2
4415,ブロードエンタープライズ,True,1
4241,アテクト,True,1
7514,ヒマラヤ,True,1
3293,アズマハウス,True,1
8018,三共生興,True,1
8194,ライフコーポレーション,True,1
3160,大光,True,1
7482,シモジマ,True,1
5214,日本電気硝子,True,1
5965,フジマック,True,1
4102,丸尾カルシウム,True,1
5921,川岸工業,True,1
3011,バナーズ,True,1
7744,ノーリツ鋼機,True,1
5971,共和工業所,True,1
7965,象印マホービン,True,1
6845,アズビル,True,1
1981,協和日成,True,1
3910,エムケイシステム,True,1
6971,京セラ,True,1
8030,中央魚類,True,1
9449,ＧＭＯインターネットグループ,True,1
2185,シイエム・シイ,True,1
4819,デジタルガレージ,True,1
6166,中村超硬,True,1
3933,チエル,True,1
1407,ウエストホールディングス,True,1
4401,ＡＤＥＫＡ,True,1
4767,テー・オー・ダブリュー,True,1
8835,太平洋興発,True,1
6272,レオン自動機,True,1
8202,ラオックスホールディングス,True,2
4242,タカギセイコー,True,1
9987,スズケン,True,1
2224,コモ,True,1
3479,ティーケーピー,True,1
4769,ＩＣ,True,1
4849,エン・ジャパン,True,1
3361,トーエル,True,1
2664,カワチ薬品,True,1
4360,マナック・ケミカル・パートナーズ,True,1
7417,南陽,True,1
4171,グローバルインフォメーション,True,1
1911,住友林業,True,1
9603,エイチ・アイ・エス,True,1
7475,アルビス,True,1
2908,フジッコ,True,1
6233,ＫＬＡＳＳ,True,1
6674,ジーエス・ユアサ　コーポレーション,True,1
8869,明和地所,True,1
4075,ブレインズテクノロジー,True,1
6579,ログリー,True,1
4599,ステムリム,True,1
5184,ニチリン,True,1
4997,日本農薬,True,1
6750,エレコム,True,1
4391,ロジザード,True,1
6096,レアジョブ,True,1
9366,サンリツ,True,1
9661,歌舞伎座,True,1
9996,サトー商会,True,1
4932,アルマード,True,1
3132,マクニカホールディングス,True,1
9799,旭情報サービス,True,1
4351,山田再生系債権回収総合事務所,True,1
9017,新潟交通,True,1
4966,上村工業,True,1
9267,Ｇｅｎｋｙ　ＤｒｕｇＳｔｏｒｅｓ,True,1
6925,ウシオ電機,True,1
3375,ＺＯＡ,True,1
7552,ハピネット,True,1
1979,大氣社,True,1
3682,エンカレッジ・テクノロジ,True,1
7183,あんしん保証,True,1
6592,マブチモーター,True,1
4172,東和ハイシステム,True,1
9890,マキヤ,True,1
4463,日華化学,True,1
3139,ラクト・ジャパン,True,1
3317,フライングガーデン,True,1
4917,マンダム,True,1
2459,アウンコンサルティング,True,1
7585,かんなん丸,True,1
1941,中電工,True,1
7087,ウイルテック,True,1
5287,イトーヨーギョー,True,1
8830,住友不動産,True,1
9082,大和自動車交通,True,1
9235,売れるネット広告社グループ,True,1
8789,フィンテック　グローバル,True,1
6467,ニチダイ,True,1
6392,ヤマダコーポレーション,True,1
8511,日本証券金融,True,1
1383,ベルグアース,True,1
3863,日本製紙,True,1
6914,オプテックスグループ,True,1
6996,ニチコン,True,1
3688,ＣＡＲＴＡ　ＨＯＬＤＩＮＧＳ,True,1
7502,プラザホールディングス,True,1
8203,ＭｒＭａｘＨＤ,True,1
8928,穴吹興産,True,1
7122,近畿車輛,True,1
1882,東亜道路工業,True,1
3065,ライフフーズ,True,1
4056,ニューラルグループ,True,1
4777,ガーラ,True,1
6231,木村工機,True,1
4245,ダイキアクシス,True,1
7442,中山福,True,1
7831,ウイルコホールディングス,True,1
1811,錢高組,True,1
3436,ＳＵＭＣＯ,True,1
2162,ｎｍｓ　ホールディングス,True,1
6474,不二越,True,1
7081,コーユーレンティア,True,1
6059,ウチヤマホールディングス,True,1
211A,カドス・コーポレーション,True,1
9363,大運,True,1
3536,アクサスホールディングス,True,1
9466,アイドママーケティングコミュニケーション,True,1
5962,浅香工業,True,1
5192,三ツ星ベルト,True,1
8894,ＲＥＶＯＬＵＴＩＯＮ,True,1
6856,堀場製作所,True,1
1828,田辺工業,True,1
7433,伯東,True,1
6898,トミタ電機,True,1
253A,ＥＴＳグループ,True,1
296A,令和アカウンティング・ホールディングス,True,1
9753,アイエックス・ナレッジ,True,1
2168,パソナグループ,True,1
3608,ＴＳＩホールディングス,True,1
2153,Ｅ・Ｊホールディングス,True,1
6070,キャリアリンク,True,1
3420,ケー・エフ・シー,True,1
6832,アオイ電子,True,1
150A,ＪＳＨ,True,1
4255,ＴＨＥＣＯＯ,True,1
4425,Ｋｕｄａｎ,True,1
3202,ダイトウボウ,True,1
3974,ＳＣＡＴ,True,1
2694,焼肉坂井ホールディングス,True,1
2303,ドーン,True,1
9878,セキド,True,1
6882,三社電機製作所,True,1
5333,日本碍子,True,1
6113,アマダ,True,1
1888,若築建設,True,1
1443,技研ホールディングス,True,1
7114,フーディソン,True,2
3611,マツオカコーポレーション,True,2
4197,アスマーク,True,2
6653,正興電機製作所,True,2
3921,ネオジャパン,True,2
2307,クロスキャット,True,2
5612,日本鋳鉄管,True,2
4890,坪田ラボ,True,2
8247,大和,True,2
3431,宮地エンジニアリンググループ,True,2
5247,ＢＴＭ,True,2
3979,うるる,True,2
4502,武田薬品工業,True,2
7250,太平洋工業,True,2
9355,リンコーコーポレーション,True,2
7270,ＳＵＢＡＲＵ,True,2
6294,オカダアイヨン,True,2
2408,ＫＧ情報,True,2
3150,グリムス,True,2
6999,ＫＯＡ,True,2
287A,黒田グループ,True,2
3747,インタートレード,True,2
9251,ＡＢ＆Ｃｏｍｐａｎｙ,True,2
3371,ソフトクリエイトホールディングス,True,2
2211,不二家,True,2
1429,日本アクア,True,2
4095,日本パーカライジング,True,2
4772,ストリームメディアコーポレーション,True,2
335A,ミライロ,True,2
6276,シリウスビジョン,True,2
2809,キユーピー,True,2
9553,マイクロアド,True,2
5103,昭和ホールディングス,True,2
2158,ＦＲＯＮＴＥＯ,True,2
2489,アドウェイズ,True,2
5162,朝日ラバー,True,2
2108,日本甜菜製糖,True,2
7808,シー・エス・ランバー,True,2
4424,Ａｍａｚｉａ,True,2
8163,ＳＲＳホールディングス,True,2
3444,菊池製作所,True,2
5202,日本板硝子,True,2
9765,オオバ,True,2
9348,ｉｓｐａｃｅ,True,2
5367,ニッカトー,True,2
7953,菊水化学工業,True,2
3326,ランシステム,True,2
2980,ＳＲＥホールディングス,True,2
3391,ツルハホールディングス,True,2
6182,メタリアル,True,2
9237,笑美面,True,2
2910,ロック・フィールド,True,2
5257,ノバシステム,True,2
5891,魁力屋,True,2
9087,タカセ,True,2
6238,フリュー,True,2
4937,Ｗａｑｏｏ,True,2
7734,理研計器,True,2
8725,ＭＳ＆ＡＤインシュアランスグループホールディングス,True,2
2961,日本調理機,True,2
5331,ノリタケ,True,2
9755,応用地質,True,2
2301,学情,True,3
4335,アイ・ピー・エス,True,3
4264,セキュア,True,3
5714,ＤＯＷＡホールディングス,True,3
9270,バリュエンスホールディングス,True,3
173A,ハンモック,True,3
9729,トーカイ,True,3
6486,イーグル工業,True,3
3762,テクマトリックス,True,3
5939,大谷工業,True,3
8173,上新電機,True,3
2359,コア,True,3
8766,東京海上ホールディングス,True,3
4901,富士フイルムホールディングス,True,3
4951,エステー,True,3
5609,日本鋳造,True,3
3416,ピクスタ,True,3
4435,カオナビ,True,3
8138,三京化成,True,3
248A,キッズスター,True,3
5816,オーナンバ,True,3
9627,アインホールディングス,True,3
4476,ＡＩ　ＣＲＯＳＳ,True,3
4082,第一稀元素化学工業,True,3
2901,ウェルディッシュ,True,3
4414,フレクト,True,3
8601,大和証券グループ本社,True,3
4169,ＥＮＥＣＨＡＮＧＥ,True,3
8923,トーセイ,True,3
4880,セルソース,True,2
9679,ホウライ,True,2
3089,テクノアルファ,True,2
7721,東京計器,True,2
149A,シンカ,True,3
7242,カヤバ,True,3
135A,ＶＲＡＩＮ　Ｓｏｌｕｔｉｏｎ,True,3
3774,インターネットイニシアティブ,True,3
2055,日和産業,True,3
9867,ソレキア,True,3
9165,クオルテック,True,3
5218,オハラ,True,3
4051,ＧＭＯフィナンシャルゲート,True,2
9984,ソフトバンクグループ,True,3
3663,セルシス,True,3
9418,Ｕ－ＮＥＸＴ　ＨＯＬＤＩＮＧＳ,True,3
1770,藤田エンジニアリング,True,3
3771,システムリサーチ,True,3
2288,丸大食品,True,3
6635,大日光・エンジニアリング,True,3
2884,ヨシムラ・フード・ホールディングス,True,3
6246,テクノスマート,True,3
7745,Ａ＆Ｄホロンホールディングス,True,3
3092,ＺＯＺＯ,True,3
4385,メルカリ,True,3
4384,ラクスル,True,3
2264,森永乳業,True,3
4440,ヴィッツ,True,2
3891,ニッポン高度紙工業,True,2
4446,Ｌｉｎｋ－Ｕグループ,True,2
4390,ＩＰＳ,True,2
6135,牧野フライス製作所,True,2
6033,エクストリーム,True,2
3696,セレス,True,2
2180,サニーサイドアップグループ,True,2
6086,シンメンテホールディングス,True,2
7481,尾家産業,True,2
8898,センチュリー２１・ジャパン,True,2
6762,ＴＤＫ,True,2
9837,モリト,True,2
137A,Ｃｏｃｏｌｉｖｅ,True,2
7844,マーベラス,True,2
7944,ローランド,True,2
3727,アプリックス,True,2
2933,紀文食品,True,2
303A,ｖｉｓｕｍｏ,True,2
3547,串カツ田中ホールディングス,True,2
2669,カネ美食品,True,2
3101,東洋紡,True,2
4421,ディ・アイ・システム,True,2
5255,モンスターラボ,True,2
3186,ネクステージ,True,2
3300,アンビション　ＤＸ　ホールディングス,True,2
3297,東武住販,True,2
6867,リーダー電子,True,2
9760,進学会ホールディングス,True,2
6981,村田製作所,True,2
2475,ＷＤＢホールディングス,True,2
7264,ムロコーポレーション,True,2
7918,ヴィア・ホールディングス,True,2
4043,トクヤマ,True,2
3848,データ・アプリケーション,True,2
6706,電気興業,True,2
8115,ムーンバット,True,2
9409,テレビ朝日ホールディングス,True,2
3454,ファーストブラザーズ,True,2
3245,ディア・ライフ,True,2
8127,ヤマトインターナショナル,True,2
7716,ナカニシ,True,2
6986,双葉電子工業,True,2
3733,ソフトウェア・サービス,True,2
4112,保土谷化学工業,True,2
3566,ユニフォームネクスト,True,2
9425,ＲｅＹｕｕ　Ｊａｐａｎ,True,2
7004,カナデビア,True,2
6078,バリューＨＲ,True,2
9903,カンセキ,True,2
8945,サンネクスタグループ,True,2
8739,スパークス・グループ,True,2
8233,高島屋,True,2
3246,コーセーアールイー,True,2
5619,マーソ,True,2
4057,インターファクトリー,True,2
7128,フルサト・マルカホールディングス,True,2
8283,ＰＡＬＴＡＣ,True,2
8242,エイチ・ツー・オー　リテイリング,True,2
4482,ウィルズ,True,2
4031,片倉コープアグリ,True,2
1430,ファーストコーポレーション,True,2
6082,ライドオンエクスプレスホールディングス,True,2
7085,カーブスホールディングス,True,2
7135,ジャパンクラフトホールディングス,True,2
3407,旭化成,True,2
3446,ジェイテックコーポレーション,True,2
6505,東洋電機製造,True,2
8065,佐藤商事,True,2
5126,ポーターズ,True,2
6918,アバールデータ,True,2
6652,ＩＤＥＣ,True,2
3372,関門海,True,2
6823,リオン,True,2
7075,ＱＬＳホールディングス,True,2
156A,マテリアルグループ,True,2
9110,ＮＳユナイテッド海運,True,2
5805,ＳＷＣＣ,True,2
3632,グリーホールディングス,True,2
9640,セゾンテクノロジー,True,2
5304,ＳＥＣカーボン,True,2
8935,ＦＪネクストホールディングス,True,2
8226,理経,True,2
3053,ペッパーフードサービス,True,2
4483,ＪＭＤＣ,True,2
4671,ファルコホールディングス,True,2
3096,オーシャンシステム,True,2
7455,パリミキホールディングス,True,2
4616,川上塗料,True,2
6455,モリタホールディングス,True,1
9619,イチネンホールディングス,True,2
7715,長野計器,True,2
3912,モバイルファクトリー,True,2
8917,ファースト住建,True,2
2874,横浜冷凍,True,2
6171,土木管理総合試験所,True,2
4588,オンコリスバイオファーマ,True,2
7426,山大,True,2
7369,メイホーホールディングス,True,2
9336,大栄環境,True,2
9313,丸八倉庫,True,2
2266,六甲バター,True,2
9563,Ａｔｌａｓ　Ｔｅｃｈｎｏｌｏｇｉｅｓ,True,2
3418,バルニバービ,True,2
8585,オリエントコーポレーション,True,2
2768,双日,True,2
3664,モブキャストホールディングス,True,2
4202,ダイセル,True,2
7116,ダイワ通信,True,2
7871,フクビ化学工業,True,2
4933,Ｉ－ｎｅ,True,2
7915,ＮＩＳＳＨＡ,True,2
2216,カンロ,True,2
6817,スミダコーポレーション,True,2
3104,富士紡ホールディングス,True,2
2678,アスクル,True,2
9010,富士急行,True,2
2488,ＪＴＰ,True,2
5923,高田機工,True,2
6778,アルチザネットワークス,True,19
3109,シキボウ,True,1
7955,クリナップ,True,1
2894,石井食品,True,0
9042,阪急阪神ホールディングス,True,0
8167,リテールパートナーズ,True,0
7273,イクヨ,True,0
7187,ジェイリース,True,0
7841,遠藤製作所,True,0
5845,全保連,True,0
4975,ＪＣＵ,True,0
5016,ＪＸ金属,True,0
4875,メディシノバ・インク,True,0
1420,サンヨーホームズ,True,0
6616,トレックス・セミコンダクター,True,0
6742,京三製作所,True,0
9633,東京テアトル,True,0
7851,カワセコンピュータサプライ,True,0
7067,ブランディングテクノロジー,True,0
7701,島津製作所,True,0
4594,ブライトパス・バイオ,True,0
1921,巴コーポレーション,True,0
7314,小田原機器,True,0
2780,コメ兵ホールディングス,True,0
7729,東京精密,True,0
7751,キヤノン,True,0
9377,エージーピー,True,0
3600,フジックス,True,0
3329,東和フードサービス,True,0
7140,ペットゴー,True,0
3744,サイオス,True,0
7685,ＢｕｙＳｅｌｌ　Ｔｅｃｈｎｏｌｏｇｉｅｓ,True,0
4936,アクシージア,True,0
1786,オリエンタル白石,True,0
3560,ほぼ日,True,0
1491,中外鉱業,True,0
6957,芝浦電子,True,0
6322,タクミナ,True,0
3681,ブイキューブ,True,0
5410,合同製鐵,True,0
3232,三重交通グループホールディングス,True,0
4496,コマースＯｎｅホールディングス,True,0
9928,ミロク情報サービス,True,0
3841,ジーダット,True,0
2425,ケアサービス,True,0
6425,ユニバーサルエンターテインメント,True,0
8275,フォーバル,True,0
4167,ココペリ,True,0
3315,日本コークス工業,True,0
9005,東急,True,0
9502,中部電力,True,0
2267,ヤクルト本社,True,0
5341,ＡＳＡＨＩ　ＥＩＴＯホールディングス,True,0
6495,宮入バルブ製作所,True,0
2700,木徳神糧,True,0
9308,乾汽船,True,0
3167,ＴＯＫＡＩホールディングス,True,0
3198,ＳＦＰホールディングス,True,0
9900,サガミホールディングス,True,0
6217,津田駒工業,True,0
7538,大水,True,0
6358,酒井重工業,True,0
7987,ナカバヤシ,True,0
6073,アサンテ,True,0
260A,オルツ,True,0
8876,リログループ,True,0
166A,タスキホールディングス,True,0
9206,スターフライヤー,True,0
3932,アカツキ,True,0
1815,鉄建建設,True,0
264A,Ｓｃｈｏｏ,True,0
4528,小野薬品工業,True,0
3978,マクロミル,True,0
7096,ステムセル研究所,True,0
6030,アドベンチャー,True,0
6343,フリージア・マクロス,True,0
254A,ＡＩフュージョンキャピタルグループ,True,0
9605,東映,True,0
4765,ＳＢＩグローバルアセットマネジメント,True,0
6947,図研,True,0
7917,ＺＡＣＲＯＳ,True,0
9927,ワットマン,True,0
3708,特種東海製紙,True,0
4387,ＺＵＵ,True,0
6159,ミクロン精密,True,0
7163,住信ＳＢＩネット銀行,True,0
7362,Ｔ．Ｓ．Ｉ,True,0
9776,札幌臨床検査センター,True,0
7461,キムラ,True,0
4092,日本化学工業,True,0
7247,ミクニ,True,0
3558,ジェイドグループ,True,0
3048,ビックカメラ,True,0
5035,ＨＯＵＳＥＩ,True,0
297A,アルピコホールディングス,True,0
4175,ｃｏｌｙ,True,0
3421,稲葉製作所,True,0
3103,ユニチカ,True,0
7893,プロネクサス,True,0
7551,ウェッズ,True,0
6797,名古屋電機工業,True,0
7928,旭化学工業,True,0
7068,フィードフォースグループ,True,0
9166,ＧＥＮＤＡ,True,0
5842,インテグラル,True,0
4931,新日本製薬,True,0
7983,ミロク,True,0
8103,明和産業,True,0
5253,カバー,True,0
4650,ＳＤエンターテイメント,True,0
4611,大日本塗料,True,0
1380,秋川牧園,True,0
2877,日東ベスト,True,0
2814,佐藤食品工業,True,0
3958,笹徳印刷,True,0
5261,リソルホールディングス,True,0
7048,ベルトラ,True,0
6046,リンクバル,True,0
8566,リコーリース,True,0
3674,オークファン,True,0
2375,ギグワークス,True,0
7962,キングジム,True,0
3853,アステリア,True,0
8093,極東貿易,True,0
6942,ソフィアホールディングス,True,0
7384,プロクレアホールディングス,True,0
3670,協立情報通信,True,0
9993,ヤマザワ,True,0
4420,イーソル,True,0
9347,日本管財ホールディングス,True,0
9158,シーユーシー,True,0
5355,日本坩堝,True,0
3905,データセクション,True,0
5256,Ｆｕｓｉｃ,True,0
7494,コナカ,True,0
6277,ホソカワミクロン,True,0
5464,モリ工業,True,0
4231,タイガースポリマー,True,0
4892,サイフューズ,True,0
2986,ＬＡホールディングス,True,0
3864,三菱製紙,True,0
7694,いつも,True,0
2652,まんだらけ,True,0
6558,クックビズ,True,0
2212,山崎製パン,True,0
9793,ダイセキ,True,0
7282,豊田合成,True,0
7606,ユナイテッドアローズ,True,0
3541,農業総合研究所,True,0
6305,日立建機,True,0
7228,デイトナ,True,0
5074,テスホールディングス,True,0
3840,パス,True,0
2922,なとり,True,0
7062,フレアス,True,0
7476,アズワン,True,0
9007,小田急電鉄,True,0
3939,カナミックネットワーク,True,0
9245,リベロ,True,0
2612,かどや製油,True,0
4534,持田製薬,True,0
8244,近鉄百貨店,True,0
3199,綿半ホールディングス,True,0
7361,ヒューマンクリエイションホールディングス,True,0
1376,カネコ種苗,True,0
6218,エンシュウ,True,0
7047,ポート,True,0
9008,京王電鉄,True,0
2871,ニチレイ,True,0
6460,セガサミーホールディングス,True,0
7911,ＴＯＰＰＡＮホールディングス,True,0
8166,タカキュー,True,0
8281,ゼビオホールディングス,True,0
4960,ケミプロ化成,True,0
8798,アドバンスクリエイト,True,0
4620,藤倉化成,True,0
8747,豊トラスティ証券,True,0
8113,ユニ・チャーム,True,0
9468,ＫＡＤＯＫＡＷＡ,True,0
5423,東京製鐵,True,0
2498,オリエンタルコンサルタンツホールディングス,True,0
4218,ニチバン,True,0
9076,セイノーホールディングス,True,0
2371,カカクコム,True,0
5563,新日本電工,True,0
1914,日本基礎技術,True,0
4176,ココナラ,True,0
7746,岡本硝子,True,0
2440,ぐるなび,True,0
3788,ＧＭＯグローバルサイン・ホールディングス,True,0
5933,アルインコ,True,0
1897,金下建設,True,0
2813,和弘食品,True,0
5590,ネットスターズ,True,0
9791,ビケンテクノ,True,0
5273,三谷セキサン,True,0
4317,レイ,True,0
6798,ＳＭＫ,True,0
9067,丸運,True,0
9835,ジュンテンドー,True,0
5571,エキサイトホールディングス,True,0
6612,バルミューダ,True,0
4341,西菱電機,True,0
2286,林兼産業,True,0
9385,ショーエイコーポレーション,True,0
7741,ＨＯＹＡ,True,0
4539,日本ケミファ,True,0
3178,チムニー,True,0
6740,ジャパンディスプレイ,True,0
7689,コパ・コーポレーション,True,0
3834,朝日ネット,True,0
2445,タカミヤ,True,0
6779,日本電波工業,True,0
1793,大本組,True,0
9535,広島ガス,True,0
9421,エヌジェイホールディングス,True,0
5401,日本製鉄,True,0
6539,ＭＳ－Ｊａｐａｎ,True,0
4801,セントラルスポーツ,True,0
9435,光通信,True,0
3981,ビーグリー,True,0
4499,Ｓｐｅｅｅ,True,0
1333,マルハニチロ,True,0
4005,住友化学,True,0
7419,ノジマ,True,0
6849,日本光電工業,True,0
5332,ＴＯＴＯ,True,0
7522,ワタミ,True,0
7038,フロンティア・マネジメント,True,0
8836,ＲＩＳＥ,True,0
4228,積水化成品工業,True,0
6775,ＴＢグループ,True,0
3386,コスモ・バイオ,True,0
7277,ＴＢＫ,True,0
8179,ロイヤルホールディングス,True,0
7111,ＩＮＥＳＴ,True,0
8165,千趣会,True,0
6485,前澤給装工業,True,0
1332,ニッスイ,True,0
7921,ＴＡＫＡＲＡ　＆　ＣＯＭＰＡＮＹ,True,0
9658,ビジネスブレイン太田昭和,True,0
9854,愛眼,True,0
9625,セレスポ,True,0
2708,久世,True,0
4395,アクリート,True,0
4923,コタ,True,0
1925,大和ハウス工業,True,0
6479,ミネベアミツミ,True,0
7593,ＶＴホールディングス,True,0
8207,テンアライド,True,0
8877,エスリード,True,0
3490,アズ企画設計,True,0
6360,東京自働機械製作所,True,0
3844,コムチュア,True,0
3690,イルグルム,True,0
4548,生化学工業,True,0
6550,Ｕｎｉｐｏｓ,True,0
4574,大幸薬品,True,0
2397,ＤＮＡチップ研究所,True,0
5938,ＬＩＸＩＬ,True,0
7992,セーラー万年筆,True,0
4755,楽天グループ,True,0
9060,日本ロジテム,True,0
7562,安楽亭,True,0
7687,ミクリード,True,0
7487,小津産業,True,0
9159,Ｗ　ＴＯＫＹＯ,True,0
5930,文化シヤッター,True,0
9733,ナガセ,True,0
1384,ホクリヨウ,True,0
1436,グリーンエナジー＆カンパニー,True,0
7625,グローバルダイニング,True,0
6094,フリークアウト・ホールディングス,True,0
8886,ウッドフレンズ,True,0
6565,ＡＢホテル,True,0
4012,アクシス,True,0
5026,トリプルアイズ,True,0
4381,ビープラッツ,True,0
4298,プロトコーポレーション,True,0
4263,サスメド,True,0
3349,コスモス薬品,True,0
3678,メディアドゥ,True,0
5334,日本特殊陶業,True,0
7381,北國フィナンシャルホールディングス,True,0
6327,北川精機,True,0
1879,新日本建設,True,0
2209,井村屋グループ,True,0
4569,杏林製薬,True,0
9508,九州電力,True,0
3953,大村紙業,True,0
6222,島精機製作所,True,0
9248,人・夢・技術グループ,True,0
2882,イートアンドホールディングス,True,0
177A,コージンバイオ,True,0
6586,マキタ,True,0
6342,太平製作所,True,0
9853,銀座ルノアール,True,0
7942,ＪＳＰ,True,0
8938,グローム・ホールディングス,True,0
5966,京都機械工具,True,0
2198,アイ・ケイ・ケイホールディングス,True,0
4442,バルテス・ホールディングス,True,0
2579,コカ・コーラ　ボトラーズジャパンホールディングス,True,0
4060,ｒａｋｕｍｏ,True,0
3546,アレンザホールディングス,True,0
3190,ホットマン,True,0
5830,いよぎんホールディングス,True,0
6257,藤商事,True,0
5991,日本発條,True,0
5461,中部鋼鈑,True,0
7516,コーナン商事,True,0
5889,Ｊａｐａｎ　Ｅｙｅｗｅａｒ　Ｈｏｌｄｉｎｇｓ,True,0
4272,日本化薬,True,0
7272,ヤマハ発動機,True,0
2897,日清食品ホールディングス,True,0
2305,スタジオアリス,True,0
8142,トーホー,True,0
2937,サンクゼール,True,0
7283,愛三工業,True,0
7386,ジャパンワランティサポート,True,0
4970,東洋合成工業,True,0
7863,平賀,True,0
6513,オリジン,True,1
2437,Ｓｈｉｎｗａ　Ｗｉｓｅ　Ｈｏｌｄｉｎｇｓ,True,0
4193,ファブリカホールディングス,True,0
9090,ＡＺ－ＣＯＭ丸和ホールディングス,True,0
3143,オーウイル,True,0
9632,スバル興業,True,0
176A,レジル,True,0
2816,ダイショー,True,0
5138,Ｒｅｂａｓｅ,True,0
3976,シャノン,True,0
9790,福井コンピュータホールディングス,True,0
6430,ダイコク電機,True,0
2001,ニップン,True,0
6547,グリーンズ,True,0
2300,きょくとう,True,0
7296,エフ・シー・シー,True,0
6382,トリニティ工業,True,0
2590,ダイドーグループホールディングス,True,0
5698,エンビプロ・ホールディングス,True,0
7634,星医療酸器,True,0
6286,靜甲,True,0
1764,工藤建設,True,0
4666,パーク２４,True,0
7670,オーウエル,True,0
9213,セイファート,True,0
3045,カワサキ,True,0
4047,関東電化工業,True,0
4994,大成ラミックグループ,True,0
4526,理研ビタミン,True,0
4027,テイカ,True,0
7422,東邦レマック,True,0
7985,ネポン,True,0
1898,世紀東急工業,True,0
7284,盟和産業,True,0
5857,ＡＲＥホールディングス,True,0
192A,インテグループ,True,0
6289,技研製作所,True,0
4290,プレステージ・インターナショナル,True,0
7747,朝日インテック,True,0
8803,平和不動産,True,0
3695,ＧＭＯリサーチ＆ＡＩ,True,0
7859,アルメディオ,True,0
1379,ホクト,True,0
9039,サカイ引越センター,True,0
2978,ツクルバ,True,0
143A,イシン,True,0
2370,メディネット,True,0
9698,クレオ,True,0
6424,高見沢サイバネティックス,True,0
3221,ヨシックスホールディングス,True,0
3306,日本製麻,True,0
2666,オートウェーブ,True,0
7205,日野自動車,True,0
4388,エーアイ,True,0
2499,日本和装ホールディングス,True,0
5959,岡部,True,0
8892,日本エスコン,True,0
4628,エスケー化研,True,0
3965,キャピタル・アセット・プランニング,True,0
3174,ハピネス・アンド・ディ,True,0
2376,サイネックス,True,0
7901,マツモト,True,0
8152,ソマール,True,0
3461,パルマ,True,0
9699,ニシオホールディングス,True,0
9256,サクシード,True,0
6546,フルテック,True,0
3580,小松マテーレ,True,0
9081,神奈川中央交通,True,0
3021,パシフィックネット,True,0
6293,日精樹脂工業,True,0
4331,テイクアンドギヴ・ニーズ,True,0
6328,荏原実業,True,0
3787,テクノマセマティカル,True,0
6035,アイ・アールジャパンホールディングス,True,0
6026,ＧＭＯ　ＴＥＣＨ,True,0
5268,旭コンクリート工業,True,0
7090,リグア,True,0
7975,リヒトラブ,True,0
5484,東北特殊鋼,True,0
1435,ｒｏｂｏｔ　ｈｏｍｅ,True,0
9367,大東港運,True,0
7278,エクセディ,True,0
8086,ニプロ,True,0
1928,積水ハウス,True,0
3512,日本フエルト,True,0
4714,リソー教育,True,0
7868,広済堂ホールディングス,True,0
255A,ジーエルテクノホールディングス,True,0
7695,交換できるくん,True,0
3543,コメダホールディングス,True,0
6752,パナソニック　ホールディングス,True,0
3951,朝日印刷,True,0
8887,クミカ,True,0
2229,カルビー,True,0
3777,環境フレンドリーホールディングス,True,0
2281,プリマハム,True,0
9413,テレビ東京ホールディングス,True,0
6248,横田製作所,True,0
5491,日本金属,True,0
7837,アールシーコア,True,0
8123,川辺,True,0
6458,新晃工業,True,0
8279,ヤオコー,True,0
4080,田中化学研究所,True,0
4957,ヤスハラケミカル,True,0
8387,四国銀行,True,0
7628,オーハシテクニカ,True,0
8291,日産東京販売ホールディングス,True,0
6787,メイコー,True,0
9246,プロジェクトホールディングス,True,0
5856,エルアイイーエイチ,True,0
7368,表示灯,True,0
1852,淺沼組,True,0
6186,一蔵,True,0
6198,キャリア,True,0
5724,アサカ理研,True,0
9247,ＴＲＥホールディングス,True,0
7578,ニチリョク,True,0
2934,ジェイフロンティア,True,0
194A,ＷＯＬＶＥＳ　ＨＡＮＤ,True,0
9229,サンウェルズ,True,1
8153,モスフードサービス,True,0
2935,ピックルスホールディングス,True,0
175A,Ｗｉｌｌ　Ｓｍａｒｔ,True,0
5458,高砂鐵工,True,0
1438,岐阜造園,True,0
5957,日東精工,True,0
3772,ウェルス・マネジメント,True,0
5585,エコナビスタ,True,0
7297,カーメイト,True,0
9973,ＫＯＺＯホールディングス,True,0
7809,壽屋,True,0
6072,地盤ネットホールディングス,True,0
8119,三栄コーポレーション,True,0
6291,日本エアーテック,True,0
7367,セルム,True,0
2784,アルフレッサ　ホールディングス,True,0
8006,ユアサ・フナショク,True,0
9505,北陸電力,True,0
4410,ハリマ化成グループ,True,0
4575,キャンバス,True,0
6173,アクアライン,True,0
3034,クオールホールディングス,True,0
6391,加地テック,True,0
2215,第一屋製パン,True,0
3248,アールエイジ,True,0
9475,昭文社ホールディングス,True,0
7521,ムサシ,True,0
9311,アサガミ,True,0
8029,ルックホールディングス,True,0
3551,ダイニック,True,19
